编号,所属项目,所属模块,相关需求,任务名称,任务描述,任务类型,优先级,预计开始,实际开始,截止日期,任务状态,最初预计,总计消耗,预计剩余,抄送给,进度,由谁创建,创建日期,指派给,指派日期,由谁完成,实际完成,由谁取消,取消时间,由谁关闭,关闭时间,关闭原因,最后修改,最后修改日期,附件
816,移动端项目对接(#2),/标准化（超级API+标准备案接口）(#2),江西国寿绿通卡对接(#476),江西国寿绿通卡对接 ,"
",开发,3,2021/8/31,0000-00-00 00:00:00,2021/9/2,未开始,0,0,0,,0%,朱伟,2021/8/31,贺长春,2021/8/31,,0000-00-00,,0000-00-00,,0000-00-00,,,0000-00-00,
815,移动端项目对接(#2),/标准化（超级API+标准备案接口）(#2),江苏国寿延期卡项目页面流程跳转(#477),江苏国寿延期卡项目页面流程跳转 ,"
",开发,3,2021/9/2,0000-00-00 00:00:00,2021/9/3,未开始,0,0,0,,0%,朱伟,2021/8/31,王春生,2021/8/31,,0000-00-00,,0000-00-00,,0000-00-00,,,0000-00-00,
814,移动端项目对接(#2),/其他（杂糅其他业务系统功能如HBS）(#4),蛮牛垫付流程增加下单推送字段(#474),蛮牛垫付流程增加下单推送字段 ,"
  完成以下两个功能点
  1、HBS预约单中需要加上【权益卡包ID】、【权益卡名称】两个字段展示信息
  2、HBS的蛮牛垫付工单中加上【权益卡包ID】、【权益卡名称】两个字段展示信息
",开发,3,2021/9/2,0000-00-00 00:00:00,2021/9/3,未开始,0,0,0,,0%,朱伟,2021/8/27,谭迁超,2021/8/27,,0000-00-00,,0000-00-00,,0000-00-00,,,0000-00-00,
813,移动端项目对接(#2),/其他（杂糅其他业务系统功能如HBS）(#4),蛮牛垫付流程增加下单推送字段(#474),蛮牛垫付流程增加下单推送字段 ,完成备案字段的添加,开发,3,2021/9/2,0000-00-00 00:00:00,2021/9/3,未开始,5,0,5,,0%,朱伟,2021/8/27,党晓龙,2021/8/27,,0000-00-00,,0000-00-00,,0000-00-00,,朱伟,2021/8/27,
795,移动端项目对接(#2),/非标准化（定制开发）(#3),暖哇单服务接口开发需求(#443),暖哇单服务接口开发需求 测试,"在原服务接口基础上增加【服务类型】参数，同时支持访问服务集成页和单独的服务页面


见文档2.3部分",测试,3,0000-00-00,0000-00-00 00:00:00,0000-00-00,未开始,4,0,4,,0%,权虹,2021/8/19,蒋大洋,2021/8/19,,0000-00-00,,0000-00-00,,0000-00-00,,,0000-00-00,
763,移动端项目对接(#2),/非标准化（定制开发）(#3),利宝项目定制化备案接口开发需求(#425),利宝项目定制化备案接口开发需求 ,提供备案到微服务的备案接口文档,开发,3,2021/8/16,0000-00-00 00:00:00,2021/8/16,未开始,8,0,8,,0%,朱伟,2021/8/12,贺长春,2021/8/25,,0000-00-00,,0000-00-00,,0000-00-00,,党晓龙,2021/8/25,
575,移动端项目对接(#2),/其他（杂糅其他业务系统功能如HBS）(#4),太平超e保标准化接口对接(#274),太平超e保标准化接口对接 ,前端同事配合晓龙联调需求文档中2.2的所有服务页面,开发,3,2021/6/18,0000-00-00 00:00:00,2021/6/18,未开始,8,0,16,,0%,朱伟,2021/6/15,王春生,2021/6/15,,0000-00-00,,0000-00-00,,0000-00-00,,陈D,2021/6/15,
538,移动端项目对接(#2),/非标准化（定制开发）(#3),泊云-折扣购药服务需求对接(#236),泊云-折扣购药服务需求对接 ,"
",开发,3,2021/6/1,0000-00-00 00:00:00,2021/6/1,未开始,8,0,8,,0%,朱伟,2021/5/31,王春生,2021/6/1,,0000-00-00,,0000-00-00,,0000-00-00,,陈D,2021/6/1,
812,移动端项目对接(#2),/标准化（超级API+标准备案接口）(#2),珊瑚API部分服务关闭切换账户功能(#461),珊瑚API部分服务关闭切换账户功能 ,以后台配置的形式来标记服务是否可以切换账号，给前端返回对应标识,开发,3,2021/8/27,2021/8/27 14:44,2021/8/30,进行中,3,0,3,,0%,朱伟,2021/8/27,谭迁超,2021/8/27,,0000-00-00,,0000-00-00,,0000-00-00,,谭迁超,2021/8/27,
747,移动端项目对接(#2),/定时邮件(#140),安心+水滴项目服务记录提取定时邮件(#412),安心+水滴项目服务记录提取定时邮件 ,"共涉及2个项目的多个产品，按照产品配置表区分为3类：安心渠道安心产品、水滴渠道安心产品、水滴渠道水滴产品

安心渠道安心产品需要统计：电话医生（健康咨询）、挂号、重疾、垫付、在线咨询的服务记录

水滴渠道安心产品和水滴渠道水滴产品需要统计：电话医生（健康咨询）、医生回拨（回拨工单）、重疾、垫付、在线咨询的服务记录

其中电话医生（健康咨询）、医生回拨（回拨工单）、挂号、重疾、垫付的服务记录来自HBS的工单导出，在线咨询来自udesk的服务记录

详情可见附件的示例数据，包括国鑫导出的7月工单数据，以及从udesk后台导出的udesk记录，按照示例数据的字段进行提取。

示例中空白的sheet代表无数据

提取规则：

每月1号提取前一个自然月的数据，整理为3个excel，邮件发送至：xihuiwang@healthlink.cn

",开发,3,2021/8/19,2021/8/9 9:40,2021/8/20,进行中,0,0,16,,0%,赵百灵,2021/8/6,谭迁超,2021/8/6,,0000-00-00,,0000-00-00,,0000-00-00,,谭迁超,2021/8/18,
803,移动端项目对接(#2),/非标准化（定制开发）(#3),安享百万医院清单更新(#462),安享百万医院清单更新 ,"
",开发,3,2021/8/25,2021/8/27 14:20,2021/8/26,已完成,2,0.5,0,,100%,朱伟,2021/8/25,朱伟,2021/8/27,谭迁超,2021/8/27,,0000-00-00,,0000-00-00,,谭迁超,2021/8/27,
799,移动端项目对接(#2),/非标准化（定制开发）(#3),暖哇单服务接口开发需求(#443),暖哇单服务接口开发需求 ,"
",开发,3,2021/8/23,2021/8/23 14:18,2021/8/23,已完成,2,2,0,,100%,朱伟,2021/8/23,朱伟,2021/8/23,党晓龙,2021/8/23,,0000-00-00,,0000-00-00,,党晓龙,2021/8/23,
798,移动端项目对接(#2),/非标准化（定制开发）(#3),暖哇单服务接口开发需求(#443),暖哇单服务接口开发需求 ,"
",开发,3,2021/8/23,2021/8/30 17:58,2021/8/24,已完成,3,3,0,,100%,朱伟,2021/8/23,朱伟,2021/8/30,陈D,2021/8/30,,0000-00-00,,0000-00-00,,陈D,2021/8/30,
758,移动端项目对接(#2),/标准化（国寿备案、卡激活）(#171),国寿总部个险延期卡对接需求(#405),国寿总部个险延期卡对接需求 测试,"与国寿的海南和内蒙卡激活项目类似，使用同一个激活接口，国寿的卡激活地址不变拼上新的方案编号。


API配置的呼叫电话为4009120120


V2.0：补充用userid获取脱敏备案信息流程，补充样例",测试,3,0000-00-00,2021/8/23 10:48,0000-00-00,已完成,4,4,0,,100%,权虹,2021/8/9,权虹,2021/8/23,谭尚昆,2021/8/23,,0000-00-00,,0000-00-00,,谭尚昆,2021/8/23,
746,移动端项目对接(#2),/其他（杂糅其他业务系统功能如HBS）(#4),安享落地文件回执接口+HBS工单改造(#408),安享落地文件回执接口+HBS工单改造 ,08-03：先按照附件excel提供接口文档，后续补充改造HBS展示回执信息的需求文档,开发,3,2021/8/10,2021/8/11 9:25,2021/8/11,已完成,0,16,0,,100%,赵百灵,2021/8/6,赵百灵,2021/8/13,谭迁超,2021/8/13,,0000-00-00,,0000-00-00,,谭迁超,2021/8/13,
745,移动端项目对接(#2),/标准化（超级API+标准备案接口）(#2),平安健康救援服务开发需求(#407),平安健康救援服务开发需求 ,按照珊瑚API出具接口，其中有2个服务是禅道406新增的,开发,3,2021/8/6,2021/8/9 13:43,2021/8/9,已完成,0,6,0,,100%,赵百灵,2021/8/6,赵百灵,2021/8/9,党晓龙,2021/8/9,,0000-00-00,,0000-00-00,,党晓龙,2021/8/9,
741,移动端项目对接(#2),/其他（杂糅其他业务系统功能如HBS）(#4),安享垫付新增撤单原因(#395),安享垫付新增撤单原因 ,"增加撤单原因【需要前置调查】，选择此原因时回传的txt垫付结果状态为B


预计上线时间8月13号",开发,3,2021/8/10,2021/8/9 9:45,2021/8/11,已完成,0,2,0,,100%,赵百灵,2021/8/6,赵百灵,2021/8/9,谭迁超,2021/8/9,,0000-00-00,,0000-00-00,,谭迁超,2021/8/9,
735,移动端项目对接(#2),/标准化（超级API+标准备案接口）(#2),珊瑚超级API新增服务(#406),珊瑚超级API新增服务 ,新增了院后康复和多学科联合会诊两项服务,开发,3,2021/8/5,2021/8/6 10:35,2021/8/6,已完成,0,3,0,,100%,赵百灵,2021/8/5,赵百灵,2021/8/6,谭迁超,2021/8/6,,0000-00-00,,0000-00-00,,谭迁超,2021/8/6,
574,移动端项目对接(#2),/其他（杂糅其他业务系统功能如HBS）(#4),太平超e保标准化接口对接(#274),太平超e保标准化接口对接 ,"迁超负责开发需要文档2.2中所有服务业务回执信息，主要的开发逻辑如下：
1.所有业务的回执信息都发送到消息中间件Kafka中
2.从消费端统一发特定的消息回执给客户方。",开发,3,2021/6/16,2021/6/18 9:50,2021/6/18,已完成,24,24,0,,100%,朱伟,2021/6/15,朱伟,2021/6/23,谭迁超,2021/6/22,,0000-00-00,,0000-00-00,,谭迁超,2021/6/23,
573,移动端项目对接(#2),/其他（杂糅其他业务系统功能如HBS）(#4),太平超e保标准化接口对接(#274),太平超e保标准化接口对接 ,"晓龙负责完成需求文档以下内容
2.1.1 卡号同步接口
2.1.2 应付记录同步接口
2.1.3 订单传输接口",开发,3,2021/6/15,2021/6/15 16:14,2021/6/18,已完成,0,27,0,,100%,朱伟,2021/6/15,朱伟,2021/6/18,党晓龙,2021/6/18,,0000-00-00,,0000-00-00,,党晓龙,2021/6/18,
537,移动端项目对接(#2),/非标准化（定制开发）(#3),泊云-折扣购药服务需求对接(#236),泊云-折扣购药服务需求对接 ,"
",开发,3,2021/6/1,2021/6/1 9:53,2021/6/4,已完成,32,31,0,,100%,朱伟,2021/5/31,朱伟,2021/6/11,党晓龙,2021/6/10,,0000-00-00,,0000-00-00,,党晓龙,2021/6/11,
811,移动端项目对接(#2),/标准化（超级API+标准备案接口）(#2),珊瑚API新增重疾升级服务(#475),珊瑚API新增重疾升级服务 ,对新服务进行配置,开发,3,2021/8/27,2021/8/27 14:44,2021/8/30,已关闭,1,0.5,0,,100%,朱伟,2021/8/27,Closed,2021/9/1,谭迁超,2021/8/27,,0000-00-00,朱伟,2021/9/1,已完成,朱伟,2021/9/1,
810,移动端项目对接(#2),/标准化（超级API+标准备案接口）(#2),珊瑚API新增重疾升级服务(#475),珊瑚API新增重疾升级服务 ,新增2.24服务,开发,3,2021/8/27,2021/8/30 11:06,2021/8/30,已关闭,3,3,0,,100%,朱伟,2021/8/27,Closed,2021/9/1,陈D,2021/8/30,,0000-00-00,朱伟,2021/9/1,已完成,朱伟,2021/9/1,
809,移动端项目对接(#2),/标准化（超级API+标准备案接口）(#2),珊瑚API部分服务关闭切换账户功能(#461),珊瑚API部分服务关闭切换账户功能 ,"
",开发,3,2021/8/27,2021/8/30 11:06,2021/8/30,已关闭,0,3,0,,100%,朱伟,2021/8/26,Closed,2021/9/1,陈D,2021/8/30,,0000-00-00,朱伟,2021/9/1,已完成,朱伟,2021/9/1,
802,移动端项目对接(#2),/标准化（超级API+标准备案接口）(#2),心麦项目对接需求V1.1(#464),心麦项目对接需求V1.1 ,"服务接口中新提供健康饮食管理、健康运动管理2项服务，对这个项目下所有备案用户开放权限

",开发,3,2021/8/25,2021/8/25 13:51,2021/8/26,已关闭,2,1,0,,100%,朱伟,2021/8/25,Closed,2021/8/27,党晓龙,2021/8/25,,0000-00-00,朱伟,2021/8/27,已完成,朱伟,2021/8/27,
781,移动端项目对接(#2),/非标准化（定制开发）(#3),国寿延期卡二维码页面调整(#453),国寿延期卡二维码页面调整 ,"
",开发,3,2021/8/18,2021/8/19 18:04,2021/8/19,已关闭,1,2,0,,100%,朱伟,2021/8/18,Closed,2021/8/27,王春生,2021/8/19,,0000-00-00,朱伟,2021/8/27,已完成,朱伟,2021/8/27,
768,移动端项目对接(#2),/非标准化（定制开发）(#3),国寿延期卡激活二维码开发需求(#427),国寿延期卡激活二维码开发需求 ,"
",开发,3,2021/8/13,2021/8/17 10:48,2021/8/13,已关闭,0,6,0,,100%,朱伟,2021/8/13,Closed,2021/8/18,王春生,2021/8/17,,0000-00-00,朱伟,2021/8/18,已完成,朱伟,2021/8/18,
756,移动端项目对接(#2),/标准化（超级API+标准备案接口）(#2),水滴保平台电话医生项目(#386),水滴保平台电话医生项目 测试,"水滴项目对接数据备案接口和服务记录回传接口。


产品名称：水滴保电话医生服务(月度)，产品标识码：I21BB9


由水滴提供备案接口模板和回传接口，远盟做对接开发。


预计8月4号进行联调，8月15号服务上线，此项目优先级最高


V1.1：增加回拨工单的数据回传",测试,3,0000-00-00,2021/8/13 14:31,0000-00-00,已关闭,4,0,0,,0%,权虹,2021/8/9,Closed,2021/8/19,蒋大洋,2021/8/13,,0000-00-00,权虹,2021/8/19,已完成,权虹,2021/8/19,
753,移动端项目对接(#2),/标准化（超级API+标准备案接口）(#2),珊瑚超级API新增服务(#406),珊瑚超级API新增服务 测试,新增了院后康复和多学科联合会诊两项服务,测试,3,0000-00-00,2021/8/13 14:31,0000-00-00,已关闭,2,2,0,,100%,权虹,2021/8/9,Closed,2021/8/19,蒋大洋,2021/8/13,,0000-00-00,权虹,2021/8/19,已完成,权虹,2021/8/19,
744,移动端项目对接(#2),/标准化（超级API+标准备案接口）(#2),珊瑚超级API新增服务(#406),珊瑚超级API新增服务 ,新增了院后康复和多学科联合会诊两项服务,开发,3,2021/8/4,2021/8/9 14:30,2021/8/6,已关闭,0,8,0,,100%,赵百灵,2021/8/6,Closed,2021/8/16,陈D,2021/8/9,,0000-00-00,谭迁超,2021/8/16,已完成,谭迁超,2021/8/16,
743,移动端项目对接(#2),/标准化（国寿备案、卡激活）(#171),国寿总部个险延期卡对接需求(#405),国寿总部个险延期卡对接需求 ,"与国寿的海南和内蒙卡激活项目类似，使用同一个激活接口，国寿的卡激活地址不变拼上新的方案编号。

API配置的呼叫电话为4009120120

V2.0：补充用userid获取脱敏备案信息流程，补充样例",开发,3,2021/8/6,2021/8/9 17:14,2021/8/9,已关闭,0,4,0,,100%,赵百灵,2021/8/6,Closed,2021/8/13,陈D,2021/8/9,,0000-00-00,朱伟,2021/8/13,已完成,朱伟,2021/8/13,
742,移动端项目对接(#2),/标准化（国寿备案、卡激活）(#171),国寿总部个险延期卡对接需求(#405),珊瑚API后台,"与国寿的海南和内蒙卡激活项目类似，使用同一个激活接口，国寿的卡激活地址不变拼上新的方案编号。

API配置的呼叫电话为4009120120

V2.0：补充用userid获取脱敏备案信息流程，补充样例",开发,3,2021/8/6,2021/8/10 12:15,2021/8/9,已关闭,0,5,0,,100%,赵百灵,2021/8/6,Closed,2021/8/13,朱伟,2021/8/13,,0000-00-00,朱伟,2021/8/13,已完成,朱伟,2021/8/13,
732,移动端项目对接(#2),/其他（杂糅其他业务系统功能如HBS）(#4),挂号网备案明细统计(#403),挂号网备案明细统计 ,"背景：商务在与挂号网进行结算，需要统计从远盟向挂号网备案出去的总用户数和明细。


统计范围：
时间：2020.7.13-2021.7.12
服务：对症预约
字段：数据推送时间，服务生效日期，服务截止日期，会员名称，产品名称，产品标识码，用户唯一编码（pmid）


预计最晚完成时间：8月3日18:00前",开发,3,2021/8/2,2021/8/2 16:35,2021/8/3,已关闭,0,0.5,0,",xiaolongdang",100%,赵百灵,2021/8/2,Closed,2021/8/6,谭迁超,2021/8/2,,0000-00-00,赵百灵,2021/8/6,已完成,赵百灵,2021/8/6,
728,移动端项目对接(#2),/标准化（超级API+标准备案接口）(#2),水滴保平台电话医生项目(#386),水滴保平台电话医生项目 ,实现数据回传功能,开发,3,2021/8/2,2021/8/2 10:30,2021/8/4,已关闭,16,14,0,,100%,朱伟,2021/7/29,Closed,2021/9/1,谭迁超,2021/8/17,,0000-00-00,朱伟,2021/9/1,已完成,朱伟,2021/9/1,
727,移动端项目对接(#2),/标准化（超级API+标准备案接口）(#2),水滴保平台电话医生项目(#386),水滴保平台电话医生项目 ,实现备案功能及输出相应备案接口文档,开发,3,2021/7/30,2021/7/30 9:42,2021/7/30,已关闭,8,6,0,,100%,朱伟,2021/7/29,Closed,2021/9/1,党晓龙,2021/7/30,,0000-00-00,朱伟,2021/9/1,已完成,朱伟,2021/9/1,
721,移动端项目对接(#2),/标准化（超级API+标准备案接口）(#2),心麦项目对接需求(#391),心麦项目对接需求 ,"
",开发,3,2021/7/28,2021/7/28 10:41,2021/7/28,已关闭,8,6,0,,100%,朱伟,2021/7/28,Closed,2021/8/10,党晓龙,2021/7/28,,0000-00-00,朱伟,2021/8/10,已完成,朱伟,2021/8/10,
720,移动端项目对接(#2),/标准化（超级API+标准备案接口）(#2),海诚项目小号修改(#389),海诚项目小号修改 ,"
",开发,3,2021/7/27,2021/7/27 18:03,2021/7/27,已关闭,1,0.5,0,,100%,朱伟,2021/7/27,Closed,2021/7/28,谭迁超,2021/7/27,,0000-00-00,朱伟,2021/7/28,已完成,朱伟,2021/7/28,
709,移动端项目对接(#2),/标准化（超级API+标准备案接口）(#2),珊瑚API版式统一调整(#344),珊瑚API版式统一调整 测试,"对珊瑚API所有服务（除人伤急救）都设置服务说明页，不区分内部服务或外部服务。


在页面下方添加服务协议和隐私政策


效果图中只做了一个服务协议和隐私政策的样例，服务页面下方添加的协议格式一致。


新添加的服务说明和服务协议见附件，2.15至2.19为本次新增的服务


V6.1：调整注册登录流程",测试,3,2021/8/4,2021/8/13 14:31,2021/8/4,已关闭,8,8,0,,100%,权虹,2021/7/23,Closed,2021/8/19,蒋大洋,2021/8/13,,0000-00-00,权虹,2021/8/19,已完成,权虹,2021/8/19,
700,移动端项目对接(#2),/标准化（超级API+标准备案接口）(#2),珊瑚API版式统一调整(#344),珊瑚API版式统一调整 ,"
",开发,3,2021/7/26,2021/7/26 11:00,2021/7/28,已关闭,16,16,0,,100%,朱伟,2021/7/22,Closed,2021/8/13,陈D,2021/7/29,,0000-00-00,朱伟,2021/8/13,已完成,朱伟,2021/8/13,
699,移动端项目对接(#2),/标准化（超级API+标准备案接口）(#2),珊瑚API版式统一调整(#344),珊瑚API版式统一调整 ,"
",开发,3,2021/7/23,2021/7/27 10:25,2021/7/26,已关闭,0,14,0,,100%,朱伟,2021/7/22,Closed,2021/8/13,谭迁超,2021/7/29,,0000-00-00,朱伟,2021/8/13,已完成,朱伟,2021/8/13,
698,移动端项目对接(#2),/临时需求(#157),珊瑚卡产品名称修改(#378),珊瑚卡产品名称修改 ,"
",开发,3,2021/7/22,2021/7/22 14:32,2021/7/22,已关闭,0.5,0.5,0,,100%,朱伟,2021/7/22,Closed,2021/7/22,朱伟,2021/7/22,,0000-00-00,朱伟,2021/7/22,已完成,朱伟,2021/7/22,
676,移动端项目对接(#2),/其他（杂糅其他业务系统功能如HBS）(#4),安享院后照护实施记录页面调整(#317),安享院后照护实施记录页面调整 测试,"根据安享要求，去掉4个小服务的先后顺序限制，4项小服务均可以独立实施、取消。


V2.2：更新小服务计算完成时间的规则",测试,3,0000-00-00,2021/7/19 14:35,0000-00-00,已关闭,4,4,0,,100%,权虹,2021/7/14,Closed,2021/7/23,谭尚昆,2021/7/19,,0000-00-00,权虹,2021/7/23,已完成,权虹,2021/7/23,
674,移动端项目对接(#2),/其他（杂糅其他业务系统功能如HBS）(#4),安享创建院后照护接口字段更新(#352),安享创建院后照护接口字段更新 ,"
",开发,3,2021/7/14,2021/7/14 17:00,2021/7/14,已关闭,1,0.5,0,,100%,朱伟,2021/7/14,Closed,2021/7/19,谭迁超,2021/7/14,,0000-00-00,朱伟,2021/7/19,已完成,朱伟,2021/7/19,
673,移动端项目对接(#2),/定时邮件(#140),【问题排查】山西人保寿绿通卡项目定时邮件(#349),【问题排查】山西人保寿绿通卡项目定时邮件 ,"
",开发,3,2021/7/13,2021/7/14 17:58,2021/7/14,已关闭,3,1.5,0,,100%,朱伟,2021/7/14,Closed,2021/7/19,党晓龙,2021/7/14,,0000-00-00,朱伟,2021/7/19,已完成,朱伟,2021/7/19,
651,移动端项目对接(#2),/非标准化（定制开发）(#3),安享垫付回传信息更新(#330),安心垫付回传信息更新 ,"
",开发,3,2021/7/7,2021/7/6 15:30,2021/7/16,已关闭,5,5,0,,100%,朱伟,2021/7/6,Closed,2021/7/22,谭迁超,2021/7/8,,0000-00-00,朱伟,2021/7/22,已完成,朱伟,2021/7/22,
642,移动端项目对接(#2),/非标准化（定制开发）(#3),重庆税优项目集成页开发(#328),[多人] 重庆税优项目集成页开发 ,提供服务集成页的使用方式,开发,3,2021/7/7,2021/7/8 9:36,2021/7/7,已关闭,"朱伟:4.00
陈D:4.00
","朱伟:1.00
陈D:8.00
","朱伟:0.00
陈D:0.00
",,100%,朱伟,2021/7/6,Closed,2021/7/13,陈D,2021/7/8,,0000-00-00,朱伟,2021/7/13,已完成,朱伟,2021/7/13,
641,移动端项目对接(#2),/非标准化（定制开发）(#3),精准健康服务新增备案流程(#327),精准健康服务新增备案流程 ,"将之前对接过的云住养集成服务页、单个服务提供页中涉及的精准健康服务使用流程进行调整。
与7月5号上线禅道305改动一致",开发,3,2021/7/12,2021/7/8 9:53,2021/7/12,已关闭,8,2,0,,100%,朱伟,2021/7/6,Closed,2021/7/13,党晓龙,2021/7/8,,0000-00-00,朱伟,2021/7/13,已完成,朱伟,2021/7/13,
640,移动端项目对接(#2),/标准化（超级API+标准备案接口）(#2),云住养卡产品项目对接开发需求(#305),云住养卡产品项目对接开发需求 ,"提供标准的卡校验接口、备案接口、珊瑚服务接口


本次服务接口中的三个精准健康服务（健康档案、运动管理、膳食管理），先将服务封装为珊瑚API，与其他服务使用相同的接口地址。


因为精准健康的服务还缺少备案流程，等韩哥那边交付接口之后会再对珊瑚API做一次调整。",测试,3,0000-00-00,2021/7/7 16:03,0000-00-00,已关闭,4,4,0,,100%,权虹,2021/7/5,Closed,2021/7/12,蒋大洋,2021/7/7,,0000-00-00,权虹,2021/7/12,已完成,权虹,2021/7/12,
635,移动端项目对接(#2),/其他（杂糅其他业务系统功能如HBS）(#4),安享院后照护实施记录页面调整(#317),安享院后照护实施记录页面调整 ,,开发,3,2021/7/2,2021/7/6 16:33,2021/7/9,已关闭,0,12,0,,100%,朱伟,2021/7/1,Closed,2021/7/22,谭迁超,2021/7/8,,0000-00-00,朱伟,2021/7/22,已完成,朱伟,2021/7/22,
634,移动端项目对接(#2),/其他（杂糅其他业务系统功能如HBS）(#4),安享垫付流程接收结案信息(#319),安享垫付流程接收结案信息 ,"
",开发,3,2021/7/2,2021/7/6 9:50,2021/7/16,已关闭,0,6,0,,100%,朱伟,2021/7/1,Closed,2021/7/19,谭迁超,2021/7/8,,0000-00-00,朱伟,2021/7/19,已完成,朱伟,2021/7/19,
633,移动端项目对接(#2),/定时邮件(#140),人保财北分服务记录定时邮件(#318),人保财北分服务记录定时邮件 ,"
",开发,3,2021/7/1,2021/7/8 18:07,2021/7/2,已关闭,8,4,0,,100%,朱伟,2021/7/1,Closed,2021/8/13,谭迁超,2021/7/26,,0000-00-00,朱伟,2021/8/13,已完成,朱伟,2021/8/13,
632,移动端项目对接(#2),/其他（杂糅其他业务系统功能如HBS）(#4),安享垫付回传信息更新(#314),安享垫付回传信息更新 ,"
",开发,3,2021/6/30,2021/6/30 16:00,2021/6/30,已关闭,3,0.5,0,,100%,朱伟,2021/6/30,Closed,2021/7/1,谭迁超,2021/6/30,,0000-00-00,朱伟,2021/7/1,已完成,朱伟,2021/7/1,
627,移动端项目对接(#2),/定时邮件(#140),山西人保寿绿通卡项目定时邮件(#310),山西人保寿绿通卡项目定时邮件 ,"
",开发,3,2021/6/29,2021/6/28 17:35,2021/6/29,已关闭,0,4,0,,100%,朱伟,2021/6/28,Closed,2021/6/30,党晓龙,2021/6/29,,0000-00-00,朱伟,2021/6/30,已完成,朱伟,2021/6/30,
623,移动端项目对接(#2),/标准化（超级API+标准备案接口）(#2),云住养卡产品项目对接开发需求(#305),云住养卡产品项目对接开发需求 ,"
",开发,3,2021/6/21,2021/6/25 16:24,2021/6/21,已关闭,8,7.5,0,,100%,朱伟,2021/6/25,Closed,2021/6/30,党晓龙,2021/6/28,,0000-00-00,朱伟,2021/6/30,已完成,朱伟,2021/6/30,
622,移动端项目对接(#2),/非标准化（定制开发）(#3),泰康服务记录回传接口改造(#306),泰康服务记录回传接口改造 ,"
",开发,3,2021/6/21,2021/6/30 11:31,2021/6/21,已关闭,8,3,0,,100%,朱伟,2021/6/25,Closed,2021/7/19,谭迁超,2021/6/30,,0000-00-00,朱伟,2021/7/19,已完成,朱伟,2021/7/19,
607,移动端项目对接(#2),/(#0),安享垫付工单优化需求(#300),安享垫付工单优化需求 ,,开发,3,2021/6/23,2021/6/23 14:00,2021/6/24,已关闭,8,5,0,,100%,朱伟,2021/6/23,Closed,2021/7/1,谭迁超,2021/6/24,,0000-00-00,朱伟,2021/7/1,已完成,朱伟,2021/7/1,
606,移动端项目对接(#2),/标准化（超级API+标准备案接口）(#2),星益项目开发服务记录查询接口(#301),星益项目开发服务记录查询接口 ,"
",开发,3,2021/6/24,2021/6/24 10:05,2021/6/25,已关闭,8,5,0,,100%,朱伟,2021/6/23,Closed,2021/8/13,谭迁超,2021/6/24,,0000-00-00,朱伟,2021/8/13,已完成,朱伟,2021/8/13,
603,移动端项目对接(#2),/其他（杂糅其他业务系统功能如HBS）(#4),太平超e保服务记录统计(#295),太平超e保服务记录统计 ,"
",开发,3,2021/6/22,2021/6/22 9:47,2021/6/22,已关闭,5,5,0,,100%,朱伟,2021/6/22,Closed,2021/6/24,党晓龙,2021/6/22,,0000-00-00,朱伟,2021/6/24,已完成,朱伟,2021/6/24,
602,移动端项目对接(#2),/非标准化（定制开发）(#3),云住养项目单服务接口调整(#297),云住养项目单服务接口调整 ,"
",开发,3,2021/6/24,2021/6/24 17:34,2021/6/24,已关闭,3,1,0,,100%,朱伟,2021/6/22,Closed,2021/6/29,党晓龙,2021/6/24,,0000-00-00,朱伟,2021/6/29,已完成,朱伟,2021/6/29,
601,移动端项目对接(#2),/非标准化（定制开发）(#3),云住养项目单服务接口调整(#297),云住养项目单服务接口调整 ,"
",开发,3,2021/6/22,2021/6/24 18:34,2021/6/22,已关闭,3,3,0,,100%,朱伟,2021/6/22,Closed,2021/6/29, 吕惠娟,2021/6/24,,0000-00-00,朱伟,2021/6/29,已完成,朱伟,2021/6/29,
600,移动端项目对接(#2),/非标准化（定制开发）(#3),超e保在线咨询记录时间格式调整(#288),超e保在线咨询记录时间格式调整 ,,开发,3,2021/6/21,2021/6/22 9:04,2021/6/21,已关闭,3,3,0,,100%,朱伟,2021/6/22,Closed,2021/6/22,朱伟,2021/6/22,,0000-00-00,朱伟,2021/6/22,已完成,朱伟,2021/6/22,
592,移动端项目对接(#2),/其他（杂糅其他业务系统功能如HBS）(#4),云住养集成页服务替换(#283),云住养集成页服务替换 测试,将云住养已下线的旧服务替换为新的服务,测试,3,0000-00-00,2021/6/18 10:29,0000-00-00,已关闭,4,4,0,,100%,权虹,2021/6/16,Closed,2021/6/22,谭尚昆,2021/6/18,,0000-00-00,权虹,2021/6/22,已完成,权虹,2021/6/22,
591,移动端项目对接(#2),/其他（杂糅其他业务系统功能如HBS）(#4),太平超e保标准化接口对接(#274),太平超e保标准化接口对接 测试,"参照太平提供的开发手册以及需求文档，开发相关接口和服务页面


V2.0：完善需求",测试,3,0000-00-00,2021/6/21 9:20,0000-00-00,已关闭,10,11,0,,100%,权虹,2021/6/16,Closed,2021/7/12,谭尚昆,2021/7/5,,0000-00-00,权虹,2021/7/12,已完成,权虹,2021/7/12,
582,移动端项目对接(#2),/其他（杂糅其他业务系统功能如HBS）(#4),云住养集成页服务替换(#283),云住养集成页服务替换 ,前端页面开发,开发,3,2021/6/17,2021/6/18 10:16,2021/6/17,已关闭,8,6,0,,100%,朱伟,2021/6/16,Closed,2021/6/18, 吕惠娟,2021/6/18,,0000-00-00,朱伟,2021/6/18,已完成,朱伟,2021/6/18,
581,移动端项目对接(#2),/其他（杂糅其他业务系统功能如HBS）(#4),云住养集成页服务替换(#283),云住养集成页服务替换 ,完成后台接口开发，与前端配合联调相应替换服务的接口地址,开发,3,2021/6/17,2021/6/16 16:55,2021/6/17,已关闭,0,13,0,,100%,朱伟,2021/6/16,Closed,2021/6/18,朱伟,2021/6/18,,0000-00-00,朱伟,2021/6/18,已完成,朱伟,2021/6/18,
577,移动端项目对接(#2),/其他（杂糅其他业务系统功能如HBS）(#4),超e保垫付新产品对接接口(#282),超e保垫付新产品对接接口 ,"
",开发,3,2021/6/17,2021/6/17 10:25,2021/6/17,已关闭,8,2,0,,100%,朱伟,2021/6/16,Closed,2021/6/28,谭迁超,2021/6/17,,0000-00-00,朱伟,2021/6/28,已完成,朱伟,2021/6/28,
572,移动端项目对接(#2),/其他（杂糅其他业务系统功能如HBS）(#4),安享垫付工单文件上传重命名文件规则(#275),安享垫付工单文件上传删除中文字符 ,"
",开发,3,2021/6/15,2021/6/15 14:00,2021/6/15,已关闭,8,3,0,,100%,朱伟,2021/6/15,Closed,2021/6/18,谭迁超,2021/6/15,,0000-00-00,朱伟,2021/6/18,已完成,朱伟,2021/6/18,
563,移动端项目对接(#2),/其他（杂糅其他业务系统功能如HBS）(#4),安享百万预约接口新增字段(#267),安享百万预约接口新增字段 ,"
",开发,3,2021/6/10,2021/6/10 14:05,2021/6/11,已关闭,8,3,0,,100%,朱伟,2021/6/10,Closed,2021/6/15,谭迁超,2021/6/10,,0000-00-00,朱伟,2021/6/15,已完成,朱伟,2021/6/15,
562,移动端项目对接(#2),/其他（杂糅其他业务系统功能如HBS）(#4),安享百万院后照护创建工单流程调整(#265),安享百万院后照护创建工单流程调整 ,"
",开发,3,2021/6/10,2021/6/10 10:35,2021/6/11,已关闭,0,4,0,,100%,朱伟,2021/6/9,Closed,2021/6/15,谭迁超,2021/6/10,,0000-00-00,朱伟,2021/6/15,已完成,朱伟,2021/6/15,
559,移动端项目对接(#2),/非标准化（定制开发）(#3),安享百万垫付工单材料上传功能调整(#264),安享百万垫付工单材料上传功能调整 ,"
",开发,3,2021/6/10,2021/6/9 10:25,2021/6/11,已关闭,16,6,0,,100%,朱伟,2021/6/8,Closed,2021/6/15,谭迁超,2021/6/11,,0000-00-00,朱伟,2021/6/15,已完成,朱伟,2021/6/15,
557,移动端项目对接(#2),/非标准化（定制开发）(#3),泊云-折扣购药服务需求对接(#236),泊云-折扣购药服务需求对接 测试,"业务流程：
1、用户访问保司平台，进入远盟服务页（免登）
2、点击购药服务，进入泊云平台完成购药（免登）
3、泊云回传用户和订单数据



对接内容：
1、保司将会员信息提供给远盟鉴权
2、远盟将会员信息提供给泊云
3、泊云将用户订单数据回传给远盟



补充说明：
当前先跟泊云进行接口对接 跑通业务流程，后续对接保司",测试,3,0000-00-00,2021/6/20 23:53,0000-00-00,已关闭,16,16,0,,100%,权虹,2021/6/7,Closed,2021/6/22,蒋大洋,2021/6/20,,0000-00-00,权虹,2021/6/22,已完成,权虹,2021/6/22,
546,移动端项目对接(#2),/标准化（超级API+标准备案接口）(#2),安享预约接口医院匹配规则调整和医院清单更新(#253),安享预约接口医院匹配规则调整和医院清单更新 ,"
",开发,3,2021/6/7,2021/6/11 18:37,2021/6/7,已关闭,2,3,0,,100%,朱伟,2021/6/4,Closed,2021/6/15,谭迁超,2021/6/11,,0000-00-00,朱伟,2021/6/15,已完成,朱伟,2021/6/15,
545,移动端项目对接(#2),/标准化（超级API+标准备案接口）(#2),农银人寿备案接口开发(#248),农银人寿备案接口开发 ,"
",开发,3,2021/6/3,2021/6/4 17:34,2021/6/3,已关闭,2,3,0,,100%,朱伟,2021/6/3,Closed,2021/6/8,朱伟,2021/6/4,,0000-00-00,朱伟,2021/6/8,已完成,朱伟,2021/6/8,
543,移动端项目对接(#2),/非标准化（定制开发）(#3),华泰视频医生定时邮件修改(#238),华泰视频医生定时邮件修改 ,"
",开发,3,2021/6/2,2021/6/3 10:49,2021/6/3,已关闭,12,5,0,,100%,朱伟,2021/6/2,Closed,2021/6/8,朱伟,2021/6/3,,0000-00-00,朱伟,2021/6/8,已完成,朱伟,2021/6/8,
542,移动端项目对接(#2),/非标准化（定制开发）(#3),【变更】北京国寿分诊导医服务卡定时邮件任务(#246),【变更】北京国寿分诊导医服务卡定时邮件任务 ,此定时任务做到hbs系统中，查询珊瑚相关信息时通过wpt-api-interface开发相应接口来提供数据支持,开发,3,2021/6/3,2021/6/2 16:35,2021/6/4,已关闭,16,12,0,,100%,朱伟,2021/6/2,Closed,2021/6/8,谭迁超,2021/6/4,,0000-00-00,朱伟,2021/6/8,已完成,朱伟,2021/6/8,
536,移动端项目对接(#2),/非标准化（定制开发）(#3),udesk视频医生接口相关需求(#220),udesk视频医生接口相关需求 测试,"一、远盟提供服务记录接收接口
? ? 根据udesk提供的服务记录字段（附件pdf最后一段的“视频结束回调请求体”），远盟提供一份接收服务记录的接口地址，udesk回传的时效为：每完成一次视频对话就通过接口回传一条记录。




二、调起小程序二维码接口：
? ? 在原接口参数中增加一个字段【bizId】，此字段没有业务功能udesk不会做处理，在这个字段里可以传远盟的自定义内容，【customChannel】字段只用来传视频路由
? ? 等udesk配置好回传地址后，先用海外视频医生服务测试两个接口，
? ??
对海外视频接口的调整：
? ? ? 1、海外视频路由：HYSPYS
? ? ? 2、原先通过【customChannel】字段传的内容统一改到【bizId】字段里



",测试,3,0000-00-00,2021/6/1 12:12,0000-00-00,已关闭,4,4,0,,100%,权虹,2021/5/31,Closed,2021/6/2,谭尚昆,2021/6/1,,0000-00-00,朱伟,2021/6/2,已完成,朱伟,2021/6/2,
535,移动端项目对接(#2),/非标准化（定制开发）(#3),内蒙国寿大健康项目需求变更(#219),内蒙国寿大健康项目需求变更 测试,"基于禅道174需求：
1、产品配置表中新增了6个产品，卡激活接口中返回的等级做相应调整
2、在集成页/我的服务卡页面中新增卡升级功能，允许升级的服务卡以及升级规则详见文档",测试,3,0000-00-00,2021/6/1 10:52,0000-00-00,已关闭,6,6,0,,100%,权虹,2021/5/31,Closed,2021/6/2,蒋大洋,2021/6/1,,0000-00-00,朱伟,2021/6/2,已完成,朱伟,2021/6/2,
531,移动端项目对接(#2),/非标准化（定制开发）(#3),水滴服务页拨叫号码修改(#235),水滴服务页拨叫号码修改 ,"
",开发,3,2021/5/31,2021/5/31 17:11,2021/5/31,已关闭,1,1,0,,100%,朱伟,2021/5/31,Closed,2021/6/2,陈D,2021/5/31,,0000-00-00,朱伟,2021/6/2,已完成,朱伟,2021/6/2,
530,移动端项目对接(#2),/其他（杂糅其他业务系统功能如HBS）(#4),安享百万垫付工单定时邮件统计需求(#233),安享百万垫付工单定时邮件统计需求 ,"
",开发,3,2021/5/28,2021/5/28 14:40,2021/5/28,已关闭,8,8,0,,100%,朱伟,2021/5/28,Closed,2021/6/3,谭迁超,2021/6/1,,0000-00-00,朱伟,2021/6/3,已完成,朱伟,2021/6/3,
529,移动端项目对接(#2),/标准化（超级API+标准备案接口）(#2),千菌方APP对接需求(#232),千菌方APP对接需求 ,"


",开发,3,2021/5/28,2021/5/28 13:56,2021/5/31,已关闭,0,6,0,,100%,朱伟,2021/5/28,Closed,2021/6/2,党晓龙,2021/5/28,,0000-00-00,朱伟,2021/6/2,已完成,朱伟,2021/6/2,
527,移动端项目对接(#2),/其他（杂糅其他业务系统功能如HBS）(#4),太平健康档案及挂号数据统计定时邮件(#228),太平健康档案及挂号数据统计定时邮件 ,"
",开发,3,2021/5/27,2021/5/27 10:45,2021/5/27,已关闭,1,1,0,,100%,朱伟,2021/5/27,Closed,2021/5/27,朱伟,2021/5/27,,0000-00-00,朱伟,2021/5/27,已完成,朱伟,2021/5/27,
520,移动端项目对接(#2),/非标准化（定制开发）(#3),内蒙国寿大健康项目需求变更(#219),[多人] 内蒙国寿大健康项目需求变更 ,"
",开发,3,2021/5/26,2021/5/28 13:52,2021/5/27,已关闭,"朱伟:16.00
 吕惠娟:8.00
","朱伟:8.00
 吕惠娟:8.00
","朱伟:0.00
 吕惠娟:0.00
",,100%,朱伟,2021/5/25,Closed,2021/6/2, 吕惠娟,2021/5/31,,0000-00-00,朱伟,2021/6/2,已完成,朱伟,2021/6/2,
519,移动端项目对接(#2),/非标准化（定制开发）(#3),udesk视频医生接口相关需求(#220),udesk视频医生接口相关需求 ,"
",开发,3,2021/5/26,2021/5/25 13:56,2021/5/28,已关闭,24,22,0,,100%,朱伟,2021/5/25,Closed,2021/6/2,党晓龙,2021/5/31,,0000-00-00,朱伟,2021/6/2,已完成,朱伟,2021/6/2,
510,移动端项目对接(#2),/非标准化（定制开发）(#3),水滴和超e保产品相关产品在线问诊服务匹配到用户(#212),水滴和超e保产品相关产品在线问诊服务匹配到用户 ,对前端页面中太平超e保相关产品的udesk链接信息进行转化调用,开发,1,2021/5/20,2021/5/24 15:04,2021/5/24,已关闭,8,2,0,,100%,朱伟,2021/5/20,Closed,2021/5/27,陈D,2021/5/24,,0000-00-00,朱伟,2021/5/27,已完成,朱伟,2021/5/27,
509,移动端项目对接(#2),/非标准化（定制开发）(#3),水滴和超e保产品相关产品在线问诊服务匹配到用户(#212),水滴和超e保产品相关产品在线问诊服务匹配到用户 ,对目前太平超e保相关的产品的在线咨询url进行自定义字段回传的改造。,开发,1,2021/5/21,2021/5/21 15:30,2021/5/24,已关闭,8,2,0,,100%,朱伟,2021/5/20,Closed,2021/5/27,党晓龙,2021/5/25,,0000-00-00,朱伟,2021/5/27,已完成,朱伟,2021/5/27,
506,移动端项目对接(#2),/非标准化（定制开发）(#3),安心百万住院垫付回传txt字段更新(#211),安心百万住院垫付回传txt字段更新 ,"
",开发,3,2021/5/20,2021/5/24 11:07,2021/5/28,已关闭,0,14,0,,100%,朱伟,2021/5/20,Closed,2021/6/2,谭迁超,2021/5/26,,0000-00-00,朱伟,2021/6/2,已完成,朱伟,2021/6/2,
503,移动端项目对接(#2),/非标准化（定制开发）(#3),安享百万医院清单+医院代码更新(#206),查询条件修改,"去掉以下页面中“区县”查询条件
https://lvtong.healthlink.cn/shanhu-manager/html/careList/advanceHospitalList.html",开发,3,2021/5/19,2021/5/19 14:00,2021/5/19,已关闭,0,1,0,,100%,朱伟,2021/5/19,Closed,2021/5/21,陈D,2021/5/19,,0000-00-00,朱伟,2021/5/21,已完成,朱伟,2021/5/21,
502,移动端项目对接(#2),/非标准化（定制开发）(#3),安享百万医院清单+医院代码更新(#206),安享百万医院清单+医院代码更新 ,第二点更新的医院为珊瑚表ht_hospital中service_code为“ADVANCE_HOSPITAL”的所有医院信息,开发,3,2021/5/19,2021/5/20 9:30,2021/5/21,已关闭,0,1.2,0,,100%,朱伟,2021/5/19,Closed,2021/5/21,谭迁超,2021/5/20,,0000-00-00,朱伟,2021/5/21,已完成,朱伟,2021/5/21,
501,移动端项目对接(#2),/非标准化（定制开发）(#3),内蒙国寿跳转激活链接规则调整(#203),内蒙国寿跳转激活链接规则调整 ,"
",开发,3,2021/5/17,2021/5/19 14:30,2021/5/17,已关闭,0,1,0,,100%,朱伟,2021/5/19,Closed,2021/5/21, 吕惠娟,2021/5/19,,0000-00-00,朱伟,2021/5/21,已完成,朱伟,2021/5/21,
481,移动端项目对接(#2),/标准化（超级API+标准备案接口）(#2),联通电话医生服务对接需求(#201),联通电话医生服务对接需求 ,备案到微服务平台,开发,3,2021/5/14,2021/5/14 14:22,2021/5/14,已关闭,2,2,0,,100%,朱伟,2021/5/14,Closed,2021/5/14,朱伟,2021/5/14,,0000-00-00,朱伟,2021/5/14,已完成,朱伟,2021/5/14,
471,移动端项目对接(#2),/其他（杂糅其他业务系统功能如HBS）(#4),工银安盛河北绿通VIP白金卡定时邮件(#191),工银安盛河北绿通VIP白金卡定时邮件 ,,开发,1,2021/5/13,2021/5/13 14:00,2021/5/13,已关闭,3,3,0,,100%,朱伟,2021/5/13,Closed,2021/5/14,朱伟,2021/5/14,,0000-00-00,朱伟,2021/5/14,已完成,朱伟,2021/5/14,
468,移动端项目对接(#2),/其他（杂糅其他业务系统功能如HBS）(#4),人保财北分服务记录提取需求(#190),人保财北分服务记录提取需求 ,"
",开发,3,2021/5/12,2021/5/12 17:08,2021/5/13,已关闭,0,1,0,,100%,朱伟,2021/5/12,Closed,2021/5/14,谭迁超,2021/5/12,,0000-00-00,朱伟,2021/5/14,已完成,朱伟,2021/5/14,
463,移动端项目对接(#2),/其他（杂糅其他业务系统功能如HBS）(#4),大连垫付卡激活数据定时邮邮件(#182),大连垫付卡激活数据定时邮邮件 ,"1.在micro-service-interface中添加根据项目编码查询产品编码的接口
2.在定时任务邮件配置表中配置对应的查询sql.修改后台代码替换其中产品编码变量信息
3.需求变更，不再查询“支公司名称”、“营销员姓名”和“营销员工号”",开发,3,2021/5/11,2021/5/12 16:01,2021/5/11,已关闭,0,1.5,0,,100%,朱伟,2021/5/11,Closed,2021/5/12,谭迁超,2021/5/11,,0000-00-00,朱伟,2021/5/12,已完成,朱伟,2021/5/12,
458,移动端项目对接(#2),/(#0),安享百万医院代码更新(#177),安享百万医院代码更新 ,,开发,3,2021/5/10,2021/5/10 14:20,2021/5/10,已关闭,0,1,0,,100%,朱伟,2021/5/10,Closed,2021/5/11,谭迁超,2021/5/10,,0000-00-00,朱伟,2021/5/11,已完成,朱伟,2021/5/11,
447,移动端项目对接(#2),/非标准化（定制开发）(#3),内蒙国寿大健康对接开发(#174),内蒙国寿大健康对接开发 ,需求详见文档,测试,3,2021/5/10,2021/5/11 9:40,2021/5/10,已关闭,4,4,0,,100%,权虹,2021/5/7,Closed,2021/5/11,谭尚昆,2021/5/11,,0000-00-00,权虹,2021/5/11,已完成,权虹,2021/5/11,
446,移动端项目对接(#2),/非标准化（定制开发）(#3),内蒙国寿大健康对接开发(#174),内蒙国寿大健康对接开发 ,需求详见文档,设计,3,2021/5/10,2021/5/10 9:46,2021/5/10,已关闭,0,3,0,,100%,朱伟,2021/5/7,Closed,2021/5/11,朱伟,2021/5/10,,0000-00-00,朱伟,2021/5/11,已完成,朱伟,2021/5/11,
445,移动端项目对接(#2),/非标准化（定制开发）(#3),内蒙国寿大健康对接开发(#174),内蒙国寿大健康对接开发 ,需求详见文档,开发,3,2021/5/8,2021/5/10 16:50,2021/5/8,已关闭,0,8,0,,100%,朱伟,2021/5/7,Closed,2021/5/11, 吕惠娟,2021/5/10,,0000-00-00,朱伟,2021/5/11,已完成,朱伟,2021/5/11,
443,移动端项目对接(#2),/其他（杂糅其他业务系统功能如HBS）(#4),英大电话记录定时提取需求(#169),英大电话记录定时提取需求 ,"
",开发,3,2021/5/10,2021/5/10 16:30,2021/5/10,已关闭,8,3,0,,100%,朱伟,2021/5/6,Closed,2021/5/12,谭迁超,2021/5/11,,0000-00-00,朱伟,2021/5/12,已完成,朱伟,2021/5/12,
442,移动端项目对接(#2),/其他（杂糅其他业务系统功能如HBS）(#4),北京国寿分诊导医服务卡定时邮件任务(#170),北京国寿分诊导医服务卡定时邮件任务 ,编写查询珊瑚数据库卡激活的sql语句。,开发,3,2021/5/6,2021/5/6 13:54,2021/5/6,已关闭,4,2,0,,100%,朱伟,2021/5/6,Closed,2021/5/6,党晓龙,2021/5/6,,0000-00-00,朱伟,2021/5/6,已完成,朱伟,2021/5/6,
440,移动端项目对接(#2),/非标准化（定制开发）(#3),国寿续服二维码修改查询条件(#167),国寿续服二维码修改查询条件 测试,"附件二维码目前的卡产品查询条件为：身份证号+产品名称中包含“绿通VIP”
调整为：身份证号+产品名称中包含“绿通VIP”或“快捷垫付”",测试,3,0000-00-00,2021/5/8 11:21,0000-00-00,已关闭,4,5,0,,100%,权虹,2021/4/29,Closed,2021/5/11,蒋大洋,2021/5/11,,0000-00-00,权虹,2021/5/11,已完成,权虹,2021/5/11,
439,移动端项目对接(#2),/其他（杂糅其他业务系统功能如HBS）(#4),安享百万院后照护项目开发需求(#159),安享百万院后照护项目开发需求 测试,"与安享对接院后照护服务，具体需求见附件


V1.0：2.4数据回传部分因为没有提供完整接口，只需先了解回传规则。


V1.1：完善需求细节",测试,3,0000-00-00,2021/5/11 9:40,0000-00-00,已关闭,12,24,0,,100%,权虹,2021/4/29,Closed,2021/5/27,谭尚昆,2021/5/27,,0000-00-00,权虹,2021/5/27,已完成,权虹,2021/5/27,
438,移动端项目对接(#2),/非标准化（定制开发）(#3),国寿续服二维码修改查询条件(#167),国寿续服二维码修改查询条件 ,"附件二维码目前的卡产品查询条件为：身份证号+产品名称中包含“绿通VIP”
调整为：身份证号+产品名称中包含“绿通VIP”或“快捷垫付”",开发,1,2021/4/29,2021/4/29 13:57,2021/4/29,已关闭,4,4.5,0,,100%,焦英莲,2021/4/29,Closed,2021/5/14,党晓龙,2021/5/8,,0000-00-00,朱伟,2021/5/14,已完成,朱伟,2021/5/14,
427,移动端项目对接(#2),/其他（杂糅其他业务系统功能如HBS）(#4),安享百万院后照护项目开发需求(#159),安享百万院后照护项目开发需求 ,详细需求详见需求部分的内容！,开发,1,2021/4/28,2021/4/9 9:45,2021/4/30,已关闭,24,41,0,,100%,焦英莲,2021/4/27,Closed,2021/6/18,谭迁超,2021/5/21,,0000-00-00,朱伟,2021/6/18,已完成,朱伟,2021/6/18,
424,移动端项目对接(#2),/标准化（超级API+标准备案接口）(#2),泰康项目新产品对接(#157),泰康项目新产品对接 测试,"背景：泰康项目历史对接过2个产品，此次对接方不变，内部新上线1个产品用于区分备案渠道


在原接口基础上更新备案接口和服务记录查询接口


产品名称：泰康经代健康专线2021，产品标识码：B20AU8
数据模板字段相同


附件为原接口",测试,3,2021/4/26,2021/4/26 16:29,2021/4/26,已关闭,4,4,0,,100%,权虹,2021/4/26,Closed,2021/4/27,谭尚昆,2021/4/26,,0000-00-00,权虹,2021/4/27,已完成,权虹,2021/4/27,
423,移动端项目对接(#2),/非标准化（定制开发）(#3),安心产品套餐对应关系更新(#158),安心产品套餐对应关系更新 ,产品编码“I21AB4”的套餐P100不变，新增加P101、P127、P128三个套餐,设计,3,2021/4/25,2021/4/25 17:37,2021/4/25,已关闭,0,1.5,0,,100%,朱伟,2021/4/25,Closed,2021/4/28,朱伟,2021/4/25,,0000-00-00,朱伟,2021/4/28,已完成,朱伟,2021/4/28,
422,移动端项目对接(#2),/标准化（超级API+标准备案接口）(#2),泰康项目新产品对接(#157),[多人] 泰康项目新产品对接 ,"背景：泰康项目历史对接过2个产品，此次对接方不变，内部新上线1个产品用于区分备案渠道


在原接口基础上更新备案接口和服务记录查询接口


产品名称：泰康经代健康专线2021，产品标识码：B20AU8
数据模板字段相同


附件为原接口


谭迁超出具服务记录查询接口",开发,3,2021/4/25,2021/4/25 15:52,2021/4/25,已关闭,"朱伟:2.00
谭迁超:2.00
","朱伟:0.00
谭迁超:0.50
","朱伟:0.00
谭迁超:0.00
",,100%,朱伟,2021/4/25,Closed,2021/4/25,谭迁超,2021/4/25,,0000-00-00,朱伟,2021/4/25,已完成,朱伟,2021/4/25,
407,移动端项目对接(#2),/标准化（超级API+标准备案接口）(#2),禄航健康项目开发需求(#152),禄航健康项目开发需求 ,提供标准备案接口，详见文档,开发,3,2021/4/21,2021/4/22 10:32,2021/4/21,已关闭,0,2,0,,100%,焦英莲,2021/4/22,Closed,2021/4/23,党晓龙,2021/4/21,,0000-00-00,焦英莲,2021/4/23,已完成,焦英莲,2021/4/23,
399,移动端项目对接(#2),/其他（杂糅其他业务系统功能如HBS）(#4),获取udesk聊天记录优化(#147),获取udesk聊天记录优化 ,接口调用频次控制在2秒以外,开发,1,2021/4/19,2021/4/21 17:13,2021/4/19,已关闭,4,2,0,,100%,焦英莲,2021/4/20,Closed,2021/4/23,朱伟,2021/4/21,,0000-00-00,焦英莲,2021/4/23,已完成,焦英莲,2021/4/23,
390,移动端项目对接(#2),/其他（杂糅其他业务系统功能如HBS）(#4),天安佰盈定时邮件提数需求(#143),天安佰盈定时邮件提数需求 ,"每周周一凌晨四点提取截止周日晚上24:00点的卡激活数据发送给指定邮箱（珊瑚健康管家数据库）。
产品标识码：I21AL7
产品名称：天安健康服务卡

邮件标题：天安佰盈健康管理项目激活数据
邮件内容：尊敬的用户你好！附件中是天安佰盈健康管理项目的激活清单，请查收！
附件表头：项目编码、产品名称、支公司名称、卡号、客户姓名、营销员姓名、营销员工号、激活时间、服务开始日期，服务截止时间

收件人邮箱：zhangw3@ta-by.com
抄送人邮箱：jinfangliu@healthlink.cn；lotusjiao@healthlink.cn",开发,1,2021/4/16,2021/4/19 11:28,2021/4/16,已关闭,4,1.5,0,,100%,焦英莲,2021/4/16,Closed,2021/4/23,谭迁超,2021/4/19,,0000-00-00,焦英莲,2021/4/23,已完成,焦英莲,2021/4/23,
387,移动端项目对接(#2),/非标准化（定制开发）(#3),2020国寿总部个险重疾项目开发需求(#100),2020国寿总部个险重疾项目开发需求 测试,"原禅道号46需求：


V5.0新增内容：
1、增加配医陪同、路费报销两个服务的国寿回执功能。
2、对重疾工单节点字段调整。


备注：开发本次需求前需要先将3月31号琛姐邮件提到的服务分类增加上。",测试,3,2021/4/16,2021/4/19 15:52,2021/4/19,已关闭,8,6,0,,100%,权虹,2021/4/15,Closed,2021/4/21,蒋大洋,2021/4/19,,0000-00-00,权虹,2021/4/21,已完成,权虹,2021/4/21,
383,移动端项目对接(#2),/非标准化（定制开发）(#3),中荷项目修改视频医生服务发起规则(#131),中荷项目修改视频医生服务发起规则 测试,"背景：曾经为中荷项目开发过一套卡激活+服务页面，用户通过卡激活完善信息后，在远盟页面发起视频医生服务，其中的视频医生服务供应商为企鹅医生。
本次需要将服务改为和缓视频医生，涉及到点击服务按钮时的验证规则调整。


详见需求文档，卡激活部分的黄色修改内容。


3.1更新内容：增加为此项目单独设计的视频医生UI页面",测试,3,2021/4/16,2021/4/19 15:52,2021/4/19,已关闭,8,4,0,,100%,权虹,2021/4/15,Closed,2021/4/21,蒋大洋,2021/4/19,,0000-00-00,权虹,2021/4/21,已完成,权虹,2021/4/21,
381,移动端项目对接(#2),/非标准化（定制开发）(#3),普惠官网修改方案(#135),普惠官网修改方案 ,"1.????? 删除首页第三屏的《海外医疗》字样
<img src=““http://ziliao-healthlink.cn/images/1.png““ width=““500““ alt=““““ />

?
2.????? 删除首页Banner搜索栏点进去之后页面的《海外医疗》字样
http://www.inclusivehealthlink.com/introduce.html
<img src=““http://ziliao-healthlink.cn/images/2.png““ width=““500““ alt=““““ />


?
3.????? 删除如下图画红框的内容，然后让剩余模块局中显示。
http://www.inclusivehealthlink.com/services.html
<img src=““http://ziliao-healthlink.cn/images/3.png““ width=““500““ alt=““““ />
",开发,1,2021/4/15,2021/4/15 14:17,2021/4/15,已关闭,4,1,0,,100%,焦英莲,2021/4/15,Closed,2021/4/19,陈D,2021/4/15,,0000-00-00,焦英莲,2021/4/19,已完成,焦英莲,2021/4/19,
377,移动端项目对接(#2),/非标准化（定制开发）(#3),水滴保险服务页面文字调整需求(#128),水滴保险服务页面文字调整需求 测试,"
",测试,3,2021/4/15,2021/4/14 16:35,2021/4/16,已关闭,2,2,0,,100%,权虹,2021/4/14,Closed,2021/4/27,蒋大洋,2021/4/26,,0000-00-00,权虹,2021/4/27,已完成,权虹,2021/4/27,
373,移动端项目对接(#2),/非标准化（定制开发）(#3),中荷项目修改视频医生服务发起规则(#131),[多人] 中荷项目修改视频医生服务发起规则 ,"背景：曾经为中荷项目开发过一套卡激活+服务页面，用户通过卡激活完善信息后，在远盟页面发起视频医生服务，其中的视频医生服务供应商为企鹅医生。
本次需要将服务改为和缓视频医生，涉及到点击服务按钮时的验证规则调整。


详见需求文档，卡激活部分的黄色修改内容。

",开发,3,2021/4/15,2021/4/14 10:50,2021/4/16,已关闭,"党晓龙:0.00
王春生:8.00
","党晓龙:3.50
王春生:8.00
","党晓龙:0.00
王春生:0.00
",,100%,朱伟,2021/4/13,Closed,2021/4/21,王春生,2021/4/16,,0000-00-00,朱伟,2021/4/21,已完成,朱伟,2021/4/21,
372,移动端项目对接(#2),/非标准化（定制开发）(#3),2020国寿总部个险重疾项目开发需求(#100),2020国寿总部个险重疾项目开发需求 ,"原禅道号46需求：


V5.0新增内容：
1、增加配医陪同、路费报销两个服务的国寿回执功能。
2、对重疾工单节点字段调整。



",开发,1,2021/4/13,2021/4/14 9:45,2021/4/15,已关闭,16,15,0,,100%,焦英莲,2021/4/13,Closed,2021/4/23,谭迁超,2021/4/15,,0000-00-00,焦英莲,2021/4/23,已完成,焦英莲,2021/4/23,
370,移动端项目对接(#2),/非标准化（定制开发）(#3),超e保孝心版页面流程调整需求(#130),超e保孝心版页面流程调整需求 测试,"跳转孝心版服务页面跳转逻辑，不设及接口改动，具体内容详见需求文档。

",测试,3,2021/4/15,2021/4/15 18:24,2021/4/16,已关闭,4,4,0,,100%,权虹,2021/4/12,Closed,2021/4/21,蒋大洋,2021/4/15,,0000-00-00,权虹,2021/4/21,已完成,权虹,2021/4/21,
362,移动端项目对接(#2),/其他（杂糅其他业务系统功能如HBS）(#4),超e保在线咨询服务记录定时提取需求(#127),超e保在线咨询服务记录定时提取需求 ,"设置定时任务，每周每月定时提取附件中在线咨询插件的服务记录，提取规则：


按excel中3个sheet分别统计家庭医生、报告解读、专科医生插件的服务记录，字段：对话开始时间、首次响应时间、持续时间，来源插件名称（用插件ID与excel插件名称进行匹配查询）
邮件中发送的excel也分为3个sheet页


每周提取：每周五凌晨，提取本周四到上周五之间产生的服务记录。
每月提取：每月1号，提取上个自然月全量服务记录。",开发,3,2021/4/14,2021/4/16 9:49,2021/4/15,已关闭,0,5,0,,100%,朱伟,2021/4/12,Closed,2021/4/21,朱伟,2021/4/16,,0000-00-00,朱伟,2021/4/21,已完成,朱伟,2021/4/21,
361,移动端项目对接(#2),/非标准化（定制开发）(#3),超e保孝心版页面流程调整需求(#130),超e保孝心版页面流程调整需求 ,"跳转孝心版服务页面跳转逻辑，不设及接口改动，具体内容详见需求文档。

",开发,3,0000-00-00,2021/4/14 10:09,0000-00-00,已关闭,0,8,0,,100%,朱伟,2021/4/12,Closed,2021/4/21, 吕惠娟,2021/4/15,,0000-00-00,朱伟,2021/4/21,已完成,朱伟,2021/4/21,
360,移动端项目对接(#2),/非标准化（定制开发）(#3),上海国寿大礼包历史数据备案(#129),上海国寿大礼包历史数据备案 ,"原禅道105需求：
需要单独将2021-03-18和2021-03-23两天的历史备案数据进行备案",开发,3,2021/4/12,2021/4/13 10:29,2021/4/12,已关闭,0,2,0,,100%,朱伟,2021/4/12,Closed,2021/4/13,朱伟,2021/4/13,,0000-00-00,朱伟,2021/4/13,已完成,朱伟,2021/4/13,
359,移动端项目对接(#2),/非标准化（定制开发）(#3),水滴保险服务页面文字调整需求(#128),水滴保险服务页面文字调整需求 ,"将“水滴保险就医绿色通道服务”改为“水滴保就医绿色通道服务”


需要将水滴所有产品类型的服务页面文字统一修改
水滴项目包含的产品类型：水滴百万医疗、重疾、百万医疗2021、重疾2021、长险",开发,3,2021/4/12,2021/4/13 14:29,2021/4/13,已关闭,0,2.5,0,,100%,朱伟,2021/4/12,Closed,2021/4/21, 吕惠娟,2021/4/13,,0000-00-00,朱伟,2021/4/21,已完成,朱伟,2021/4/21,
352,移动端项目对接(#2),/非标准化（定制开发）(#3),华泰视频医生服务记录定时邮件需求(#121),华泰视频医生服务记录定时邮件需求 ,"产品名称：华泰家庭视频医生咨询卡，产品标识码：I21AB9


于每月1号凌晨提取前一个月内此产品的视频医生服务使用记录，提取字段：产品名称、用户姓名、身份证号（脱敏：保留前3后4位，中间用星号代替）、服务使用日期。
将服务记录生成为excel表，通过定时邮件发送到：lizhang@healthlink.cn、xiaoyanlin@healthlink.cn&nbsp; 抄送：lotusjiao@healthlink.cn


邮件标题：I21AB9-华泰家庭视频医生咨询卡服务记录


备注：服务使用的标准以分配和和缓的邀请码作为服务使用的判别依据
第一次发送时间定为5月1号凌晨",开发,1,2021/4/7,2021/4/7 14:06,2021/4/7,已关闭,4,2,0,,100%,焦英莲,2021/4/7,Closed,2021/4/14,朱伟,2021/4/7,,0000-00-00,焦英莲,2021/4/14,已完成,焦英莲,2021/4/14,
351,移动端项目对接(#2),/其他（杂糅其他业务系统功能如HBS）(#4),中荷项目定时邮件收件人修改(#110),中荷项目定时邮件收件人修改 ,"原邮件标题：I20BK8（中荷人寿AI智能服务）产品AI智能服务记录


收件地址修改为以下邮箱
发送：Yao.Wang@bob-cardif.com，抄送：guangjingyu@healthlink.cn


同时需要手工提取一版数据，数据范围为：
2021年3月1日-2021年4月7日",开发,1,2021/4/8,2021/4/8 19:23,2021/4/8,已关闭,4,2,0,,100%,焦英莲,2021/4/7,Closed,2021/4/14,李刚,2021/4/8,,0000-00-00,焦英莲,2021/4/14,已完成,焦英莲,2021/4/14,
333,移动端项目对接(#2),/标准化（超级API+标准备案接口）(#2),视频医生服务页面修改(#108),视频医生服务页面修改 ,"详见需求中的文档！&nbsp;
珊瑚API 与珊瑚健康管家上都要确认下（4）（5）的内容！",开发,2,0000-00-00,2021/4/6 16:56,0000-00-00,已关闭,2,2,0,,100%,焦英莲,2021/4/6,Closed,2021/4/14,王春生,2021/4/7,,0000-00-00,焦英莲,2021/4/14,已完成,焦英莲,2021/4/14,
332,移动端项目对接(#2),/非标准化（定制开发）(#3),上海国寿团险健康大礼包线上备案对接(#105),上海国寿团险健康大礼包线上备案对接 -A18AQ1,"产品名称：上海国寿团险健康大礼包服务，产品标识码：A18AQ1


备案方式由线下excel改为线上接口备案。
远盟开发定时任务每天调用国寿接口获取指定产品的备案会员信息，userid存入保单号字段中。
接口入参：

plan_no:PL221003
group_code:C001
lv:1

",开发,1,2021/4/6,2021/4/6 17:02,2021/4/6,已关闭,2,1,0,,100%,焦英莲,2021/4/6,Closed,2021/4/14,朱伟,2021/4/6,,0000-00-00,焦英莲,2021/4/14,已完成,焦英莲,2021/4/14,
330,移动端项目对接(#2),/标准化（超级API+标准备案接口）(#2),思普科视频医生项目开发需求(#101),思普科视频医生项目开发需求 （I21AM9）,"参见需求描述，产品信息如下：
产品标识码：I21AM9
产品名称：思普科视频医生服务
",开发,1,2021/4/2,2021/4/2 13:43,2021/4/2,已关闭,4,8,0,,100%,焦英莲,2021/4/2,Closed,2021/4/14, 吕惠娟,2021/4/9,,0000-00-00,焦英莲,2021/4/14,已完成,焦英莲,2021/4/14,
329,移动端项目对接(#2),/非标准化（定制开发）(#3),超e保2021慢病版开发需求(#102),[多人] 太平人寿线上医生超e保2021慢病版增值服务（I21AM4）,最新版本需求文档，详见任务附件！,开发,1,2021/4/8,2021/4/8 10:48,2021/4/9,已关闭,"陈D:24.00
朱伟:8.00
","陈D:2.00
朱伟:1.00
","陈D:0.00
朱伟:0.00
",,100%,焦英莲,2021/4/2,Closed,2021/4/14,朱伟,2021/4/8,,0000-00-00,焦英莲,2021/4/14,已完成,焦英莲,2021/4/14,"超e保2021慢病版开发需求V2.0.docx
"
310,移动端项目对接(#2),/非标准化（定制开发）(#3),超e保2021页面修改(#88),太平人寿线上医生超e保2021增值服务 专科医生服务页面需求变更,"背景：已经上线了I21AE4: 太平人寿线上医生超e保2021增值服务 产品的服务连接（定制化页面），现有页面中【专科医生咨询】-【电话医生咨询】服务的入口中，服务使用页面做调整（现有页面中有两个按钮：回拨电话 & 直拨电话） ，调整后只保留【回拨电话】的按钮，居中显示，屏蔽掉【直拨电话】功能。
现有页面如下：&nbsp; &nbsp; &nbsp; &nbsp; &nbsp; &nbsp; &nbsp; &nbsp; &nbsp; &nbsp; &nbsp; &nbsp; &nbsp; &nbsp; &nbsp; &nbsp; &nbsp; &nbsp; &nbsp; &nbsp; &nbsp; &nbsp; &nbsp; &nbsp; &nbsp; &nbsp; &nbsp; &nbsp; &nbsp; &nbsp; &nbsp; &nbsp; &nbsp; &nbsp; 调整后页面如下：
<img src=““{235.png}““ alt=““““ /><img src=““{236.png}““ alt=““““ />


页面入口:
  ttps://wpttest.healthlink.cn/wpt-api/taiping/html/index.html?partner=tprs&productId=I21AE4&userId=xxxxx
",开发,1,2021/3/29,2021/3/29 14:47,2021/3/29,已关闭,2,2,0,,100%,焦英莲,2021/3/29,Closed,2021/4/2, 吕惠娟,2021/3/29,,0000-00-00,焦英莲,2021/4/2,已完成,焦英莲,2021/4/2,
300,移动端项目对接(#2),/非标准化（定制开发）(#3),太保专用医院清单内容更新(#83),太保专用医院清单内容更新 ,"原为太保项目开发的医院清单地址如下，需要按照附件excel内容，将【区】字段空值补充完整。
测试：https://lvtest.healthlink.cn/shanhu-manager/html/careList/advanceHospitalList.html
生产：https://lvtong.healthlink.cn/shanhu-manager/html/careList/advanceHospitalList.html
",开发,1,2021/3/25,2021/3/25 17:25,2021/3/25,已关闭,2,1,0,,100%,焦英莲,2021/3/25,Closed,2021/4/2,谭迁超,2021/3/25,,0000-00-00,焦英莲,2021/4/2,已完成,焦英莲,2021/4/2,
284,移动端项目对接(#2),/非标准化（定制开发）(#3),2020新华健康重疾VIP卡（I20AP1) 数据提取定时任务(#76),2020新华健康重疾VIP卡（I20AP1) 数据提取定时任务 ,"每天凌晨五点，获取I20AP1产品下200702072160-200702132159 卡段内的前一日的激活数据，发送邮件。

邮件标题：2020新华健康重疾VIP卡（200702072160-200702132159）激活数据
邮件内容：尊敬的用户你好！附件中是2020新华健康重疾VIP卡（200702072160-200702132159) XXXX年XX月XX日的卡激活清单，请查收！
附件表头：产品标识码、产品名称、卡号、姓名、省份、城市、激活时间、服务开始日期、服务结束日期

收件人邮箱：pengtao@newchinalife.com
抄送人邮箱：xiaohuil@healthlink.cn；lotusjiao@healthlink.cn (前期便于开发人员测试，可以将开发人员邮箱加上）",开发,1,2021/3/24,2021/3/24 17:12,2021/3/24,已关闭,4,2,0,,100%,焦英莲,2021/3/24,Closed,2021/3/25,党晓龙,2021/3/24,,0000-00-00,焦英莲,2021/3/25,已完成,焦英莲,2021/3/25,
277,移动端项目对接(#2),/非标准化（定制开发）(#3),华泰视频医生服务查询接口开发需求(#71),华泰视频医生服务查询接口开发需求 ,"背景：与华泰已经对接了如下产品的视频医生服务，现需要由远盟提供服务记录查询接口，统计回传视频医生服务的邀约码分配时间，记为服务使用时间。根据请求参数规定的时间范围，返回该段时间内产生的服务记录数据。
产品标识码：I21AB9
产品名称：华泰家庭视频医生咨询卡
接口信息如下：
请求参数包含：查询开始日期、查询结束日期、产品标识码
返回参数：pmid、服务使用时间（此服务使用时间就是分配和缓视频医生邀请码的时间）
前置条件：@朱伟 25号下午四点之前会在记录用户分配的邀请码表中增加【产品标识码】字段， 故26号晓龙再此基础上来提供本需求的接口文档和开发工作！",开发,3,2021/3/26,2021/3/25 17:17,2021/3/26,已关闭,4,2.5,0,,100%,焦英莲,2021/3/24,Closed,2021/4/2,党晓龙,2021/3/26,,0000-00-00,焦英莲,2021/4/2,已完成,焦英莲,2021/4/2,
276,移动端项目对接(#2),/非标准化（定制开发）(#3),视频医生分配邀请码数据库记录优化(#74),视频医生分配邀请码数据库记录优化 ,项目对接视频医生服务，B端公司需要获取视频医生的服务使用情况，由于与和缓没有真正使用服务的服务数据对接，故目前采取的统计服务使用情况的标准是以给具体某个产品的某个pmid分配了多少次邀请码作为服务使用统计的范围。为了便于后期针对具体某个产品做相关的统计操作，故pmid分配邀请码的记录表中提前记录产品标识码，便于后期的统计分析！,开发,2,2021/3/25,2021/3/25 11:47,2021/3/25,已关闭,4,3,0,,100%,焦英莲,2021/3/24,Closed,2021/3/25,朱伟,2021/3/25,,0000-00-00,朱伟,2021/3/25,已完成,朱伟,2021/3/25,
267,移动端项目对接(#2),/其他（杂糅其他业务系统功能如HBS）(#4),2020国寿重疾服务回执开发(#46),2020国寿重疾服务回执开发 ,"与国寿大健康平台对接服务回执功能，详见需求文档V2.0部分


3-16变更：update服务状态增加“取消预约”状态",测试,3,2021/3/18,2021/3/22 16:16,2021/3/19,已关闭,12,12,0,,100%,权虹,2021/3/19,Closed,2021/3/23,蒋大洋,2021/3/22,,0000-00-00,权虹,2021/3/23,已完成,权虹,2021/3/23,
263,移动端项目对接(#2),/非标准化（定制开发）(#3),药店项目视频医生服务记录回传调整(#58),药店获取服务记录接口规则调整-视频医生,"背景：线上提供了供药店调用获取相关产品的服务记录的接口，线上版本的视频医生服务是通过查询老的服务商（企鹅视频医生的回传记录）完成的；现在由于视频医生服务的服务商变更了（调整为和缓了），故此接口中获取视频医生服务记录的接口规则做如下调整：
按照查询条件，通过查询真正的分配的和缓邀请码进行统计，接口中的【serveTime】字段 直接取分配邀请码的时间即可！


线上已正常运行的接口文档详见附件！",开发,1,2021/3/19,2021/3/19 10:23,2021/3/22,已关闭,16,7.5,0,,100%,焦英莲,2021/3/19,Closed,2021/3/24,党晓龙,2021/3/19,,0000-00-00,焦英莲,2021/3/24,已完成,焦英莲,2021/3/24,"远盟服务查询接口文档(加密)V3(药店快鹿项目).docx
"
255,移动端项目对接(#2),/非标准化（定制开发）(#3),海南国寿重疾+快捷医疗垫付(#49),海南国寿重疾+快捷医疗垫付 测试,"

1.&nbsp; 海南国寿客户通过国寿大健康进行服务卡激活和信息录入，服务卡号码和密码由远盟出具。国寿大健康通过接口将卡号信息及会员信息推送到远盟，远盟接收信息后需要先校验服务卡信息是否为远盟服出具。如服务卡信息校验不通过，远盟通过接口将不通过信息回传给国寿平台。如服务卡信息校验通过，远盟通过服务卡信息判断产品，将会员信息按照产品进行备案。
2.&nbsp; 海南国寿客户服务卡激活成功后，通过国寿大健康平台发起垫付服务或重疾服务，客户服务权益由国寿鉴权，远盟标准API鉴权。
3.&nbsp; 产品数据模板中的保单好存储【方案编号】，旅行团团号存储【营销员代码】。


",测试,3,0000-00-00,0000-00-00 00:00:00,0000-00-00,已关闭,8,0,8,,0%,权虹,2021/3/18,Closed,2021/4/29,,0000-00-00,权虹,2021/4/29,权虹,2021/4/29,已取消,权虹,2021/4/29,
254,移动端项目对接(#2),/非标准化（定制开发）(#3),人保数据提取需求2.0(#52),人保数据提取需求2.0 ,"在现有的线上定时任务提取数据范围内，增加一条新数据：
产品标识码：I19AB1
产品名称：PICC总部在线健康咨询服务
服务：电话医生服务


现有的定时任务的邮件标题为：人保寿险客户服务使用数据统计表



",开发,3,2021/3/18,2021/3/18 10:30,2021/3/18,已关闭,4,4,0,,100%,焦英莲,2021/3/17,Closed,2021/3/19,谭迁超,2021/3/18,,0000-00-00,焦英莲,2021/3/19,已完成,焦英莲,2021/3/19,
253,移动端项目对接(#2),/非标准化（定制开发）(#3),海南国寿重疾+快捷医疗垫付(#49),海南国寿定制化备案+服务接入,"详细需求详见附件！
背景：
1、备案：根据国寿提供的接口要求进行定制化接口开发
2、服务接入：提供重疾和快捷医疗垫付服务的接入地址 基于珊瑚超级API （不提示注册用户信息）
",开发,1,2021/3/17,2021/3/17 16:26,2021/3/18,已关闭,8,13,0,,100%,焦英莲,2021/3/17,Closed,2021/3/24,朱伟,2021/3/18,,0000-00-00,焦英莲,2021/3/24,已完成,焦英莲,2021/3/24,
248,移动端项目对接(#2),/非标准化（定制开发）(#3),暖哇项目新增产品对接(#48),暖哇项目新增产品对接 测试,为暖哇项目提供的服务接口中需要新增一个产品，相应的服务页面和免责声明配置详见附件,测试,3,2021/3/19,2021/3/22 11:20,2021/3/19,已关闭,2,2,0,,100%,权虹,2021/3/16,Closed,2021/3/23,蒋大洋,2021/3/22,,0000-00-00,权虹,2021/3/23,已完成,权虹,2021/3/23,
247,移动端项目对接(#2),/其他（杂糅其他业务系统功能如HBS）(#4),药店（益方丰讯）项目开发需求(#47),药店（益方丰讯）项目开发需求 测试,此项目与药店（快鹿健康）项目对接流程完全相同，销售为区分结算单独上线了一套产品，在药店快鹿健康项目接口文档上进行修改为此渠道客户单独提供一套接口文档。,测试,3,2021/3/17,2021/3/22 11:20,2021/3/18,已关闭,12,12,0,,100%,权虹,2021/3/16,Closed,2021/3/23,蒋大洋,2021/3/22,,0000-00-00,权虹,2021/3/23,已完成,权虹,2021/3/23,
246,移动端项目对接(#2),/非标准化（定制开发）(#3),暖哇项目新增产品对接(#48),[多人] 暖哇项目新增产品对接 ,"暖哇新增产品信息如下：
产品标识码：I21AI5
产品名称：暖哇-国任重疾三项服务
服务：24小时电话医生服务、重大疾病绿色通道服务、重疾住院垫付服务",开发,2,2021/3/17,2021/3/17 9:53,2021/3/17,已关闭,"党晓龙:0.50
辜胜:8.00
","党晓龙:0.50
辜胜:3.00
","党晓龙:0.00
辜胜:0.00
",,100%,焦英莲,2021/3/15,Closed,2021/3/24,辜胜,2021/3/17,,0000-00-00,焦英莲,2021/3/24,已完成,焦英莲,2021/3/24,
245,移动端项目对接(#2),/其他（杂糅其他业务系统功能如HBS）(#4),药店（益方丰讯）项目开发需求(#47),[多人] 药店（益方丰讯）项目开发需求 ,"背景：2020年11月份已经对接过一个项目（药店快鹿），当时提供了一套接口（卡密校验、备案、服务接入、服务查询）
前3个部分的内容为党晓龙完成的，最后一个服务查询为谭迁超完成的。时间计划：前3个接口16号下班前；服务查询接口 迁超评估下是否需要改代码，理论上根据不需要调整代码！
时间计划：前3个接口16号下班前；服务查询接口 迁超评估下是否需要改代码，理论上根据不需要调整代码！
现在需求基于之前的接口文档，支持本次药店快鹿的新的合作商（益方丰讯）的新产品，产品及服务信息如下：



  
    
      
        产品标识码
      
      
        产品名称
      
      
        产品类型
      
      
        服务内容
      
    
    
      
        I21AJ2
      
      
        益方丰讯药店咨询服务
      
      
        标准化
      
      
        电话医生
      
    
    
      
        在线咨询
      
    
    
      
        I21AJ0
      
      
        益方丰讯药店视频医生咨询服务
      
      
        视频医生
      
    
    
      
        I21AJ1
      
      
        益方丰讯药店挂号服务
      
      
        指定预约挂号
      
    
    
      
        AI问诊
      
    
    
      
        AI问药
      
    
    
      
        AI导诊
      
    
    
      
        I21AJ3
      
      
        益方丰讯药店健康档案服务
      
      
        健康档案
      
    
    
      
        I21AJ5
      
      
        益方丰讯药店咨询服务(卡产品)
      
      
        卡产品
      
      
        电话医生
      
    
    
      
        在线咨询
      
    
    
      
        I21AJ4
      
      
        益方丰讯药店挂号服务(卡产品)
      
      
        指定预约挂号
      
    
    
      
        AI问诊
      
    
    
      
        AI问药
      
    
    
      
        AI导诊
      
    
  
",开发,2,2021/3/16,2021/3/16 10:30,2021/3/17,已关闭,"党晓龙:8.00
谭迁超:8.00
","党晓龙:7.00
谭迁超:0.50
","党晓龙:0.00
谭迁超:0.00
",,100%,焦英莲,2021/3/15,Closed,2021/3/17,谭迁超,2021/3/17,,0000-00-00,焦英莲,2021/3/17,已完成,焦英莲,2021/3/17,"药店快鹿相关接口文档.zip
"
244,移动端项目对接(#2),/其他（杂糅其他业务系统功能如HBS）(#4),2020国寿重疾服务回执开发(#46),[多人] 2020国寿重疾服务回执开发 ,"与国寿大健康平台对接服务回执功能，详见需求文档V2.0中的2.3章节的内容。
时间计划：3月19日下班前可以提测",开发,1,2021/3/16,2021/3/15 17:25,2021/3/18,已关闭,"谭迁超:16.00
陈D:16.00
","谭迁超:16.00
陈D:0.50
","谭迁超:0.00
陈D:0.00
",,100%,焦英莲,2021/3/15,Closed,2021/3/24,陈D,2021/3/19,,0000-00-00,焦英莲,2021/3/24,已完成,焦英莲,2021/3/24,
243,移动端项目对接(#2),/非标准化（定制开发）(#3),上海国寿健康险电话医生开发需求(#39),上海国寿健康险电话医生开发需求 测试,与国寿大健康平台对接服务，备案数据通过excel导入，远盟提供服务接入接口。,测试,1,2021/3/15,2021/3/16 10:21,2021/3/15,已关闭,4,4,0,,100%,权虹,2021/3/12,Closed,2021/3/16,蒋大洋,2021/3/16,,0000-00-00,权虹,2021/3/16,已完成,权虹,2021/3/16,
242,移动端项目对接(#2),/非标准化（定制开发）(#3),重庆国寿税优开发需求(#43),重庆国寿税优开发需求 测试,与国寿大健康平台对接用户信息备案接口并提供服务接口。,测试,2,2021/3/22,2021/3/24 10:46,2021/3/23,已关闭,8,8,0,,100%,权虹,2021/3/12,Closed,2021/3/29,蒋大洋,2021/3/24,,0000-00-00,权虹,2021/3/29,已完成,权虹,2021/3/29,
240,移动端项目对接(#2),/标准化（超级API+标准备案接口）(#2),重庆国寿税优开发需求(#43),[多人] 重庆国寿增值服务-B20AS8,"产品标识码：B20AS8
产品名称：重庆国寿增值服务
详细需求：参见需求文档


注意事项：
1、备案：调用国寿接口时传入的国寿的产品信息等内容稍后提供； 确认获取到的会员信息的userid是否存在远盟的保单号字段中；确认获取到用户清单后，立刻获取用户真实信息？&nbsp; @朱伟
2、服务：AI问诊和AI导诊不需要做用户鉴权，直接跳转到相应的问诊和导诊页面（每个页面最后的跳转其他服务的连接屏蔽掉）&nbsp; @许强 进行产品信息的配置。


时间计划：周三下班前提供五个服务的服务接入信息整理到一个word文档中 @朱伟 整体提供

",开发,2,0000-00-00,2021/3/16 9:51,0000-00-00,已关闭,"朱伟:8.00
许强:2.00
辜胜:16.00
","朱伟:18.00
许强:4.00
辜胜:4.00
","朱伟:0.00
许强:0.00
辜胜:0.00
",,100%,焦英莲,2021/3/12,Closed,2021/3/24,许强,2021/3/19,,0000-00-00,焦英莲,2021/3/24,已完成,焦英莲,2021/3/24,
239,移动端项目对接(#2),/标准化（超级API+标准备案接口）(#2),珊瑚超级API页面调整(#42),珊瑚超级API页面调整 ,"项目对接的客户引流到珊瑚API进行服务使用，考虑到保险公司有的用户没有身份证号，故做如下调整
1、页面中的【身份证号】修改为：证件号
2、提交信息的时候：如果服务是自助挂号或者对症预约进行身份证号格式的校验；如果是其他服务则不进行身份证号格式的校验！
",开发,2,0000-00-00,2021/3/10 10:30,0000-00-00,已关闭,1,1.5,0,,100%,焦英莲,2021/3/12,Closed,2021/3/17,陈D,2021/3/12,,0000-00-00,焦英莲,2021/3/17,已完成,焦英莲,2021/3/17,
236,移动端项目对接(#2),/非标准化（定制开发）(#3),上海国寿健康险电话医生开发需求(#39),[多人] 上海国寿健康险电话医生服务（B20AS7）,详细需求内容详见需求附件！,开发,1,0000-00-00,2021/3/12 11:20,0000-00-00,已关闭,"陈D:8.00
谭迁超:8.00
","陈D:4.00
谭迁超:4.00
","陈D:0.00
谭迁超:0.00
",,100%,焦英莲,2021/3/11,Closed,2021/3/24,谭迁超,2021/3/15,,0000-00-00,焦英莲,2021/3/24,已完成,焦英莲,2021/3/24,
232,移动端项目对接(#2),/非标准化（定制开发）(#3),太平人寿线上医生超e保2021开发需求(#26),太平人寿线上医生超e保2021开发需求 测试,在超e保2020的页面基础上进行修改，为超e保2021提供一套服务页面，以及对应的接口。,测试,3,0000-00-00,2021/3/16 15:12,0000-00-00,已关闭,8,16,0,,100%,权虹,2021/3/10,Closed,2021/3/17,谭尚昆,2021/3/16,,0000-00-00,权虹,2021/3/17,已完成,权虹,2021/3/17,
192,移动端项目对接(#2),/非标准化（定制开发）(#3),太平人寿线上医生超e保2021开发需求(#26),太平人寿线上医生超e保2021开发需求 ,时间计划：2021年3月11日下班前开发完毕并提供备案接口文档&服务接入文档,开发,1,0000-00-00,0000-00-00 00:00:00,0000-00-00,已关闭,16,12,0,,100%,焦英莲,2021/3/9,Closed,2021/3/17,辜胜,2021/3/11,,0000-00-00,焦英莲,2021/3/17,已完成,焦英莲,2021/3/17,
191,移动端项目对接(#2),/其他（杂糅其他业务系统功能如HBS）(#4),国寿平台AI服务接口开发需求(#24),国寿平台AI服务接口开发需求 测试,"背景：国寿大健康平台历史对接的多个项目中包含已下线的”健康风险评估“和”疾病诊断“服务，现采用远盟的三项AI服务作为替换。


接口描述：单独为国寿大健康平台提供不做用户身份验证的：AI问诊、AI问药、AI导诊服务，且三项AI服务对话页面中关闭所有外链的跳转入口。",测试,2,0000-00-00,2021/3/9 10:48,0000-00-00,已关闭,3,2,0,,100%,权虹,2021/3/9,Closed,2021/3/10,谭尚昆,2021/3/10,,0000-00-00,权虹,2021/3/10,已完成,权虹,2021/3/10,
188,移动端项目对接(#2),/标准化（超级API+标准备案接口）(#2),华泰家庭视频医生开发需求(#25),华泰家庭视频医生开发需求 ,"时间计划：2021年3月9日下班前提供接口文档！
1、卡密验证接口
2、备案接口（I21AB9：华泰家庭视频医生咨询卡）
3、服务接入接口（视频医生服务，不需要用户同意创建账号的提示）",开发,1,0000-00-00,2021/3/9 10:53,0000-00-00,已关闭,4,3.5,0,,100%,焦英莲,2021/3/9,Closed,2021/3/17,党晓龙,2021/3/9,,0000-00-00,焦英莲,2021/3/17,已完成,焦英莲,2021/3/17,
115,移动端项目对接(#2),/其他（杂糅其他业务系统功能如HBS）(#4),国寿平台AI服务接口开发需求(#24),国寿平台对接3个智能AI服务,"背景：国寿需要对接远盟的3个智能AI服务，不需要进行用户鉴权，每个服务最后的其他跳转连接需要屏蔽到。
1、提供三个智能AI服务的跳转连接（整理到word文档中）
2、产品信息如下：
产品标识码：Q17AF0
产品名称：上海国寿健康大礼包 产品标识码

",其他,1,0000-00-00,2021/3/8 14:29,0000-00-00,已关闭,4,3,0,,100%,焦英莲,2021/3/8,Closed,2021/3/11,许强,2021/3/8,,0000-00-00,焦英莲,2021/3/11,已完成,焦英莲,2021/3/11,
104,移动端项目对接(#2),/非标准化（定制开发）(#3),暖哇项目需求变更(#20),暖哇项目需求变更 测试,"原产品”I20CG6“的集成页只包含3项服务，本次服务页增加快捷垫付服务入口，垫付服务免责声明见附件。

",测试,1,0000-00-00,2021/3/5 18:05,2021/3/8,已关闭,3,2,0,,100%,权虹,2021/3/5,Closed,2021/3/8,蒋大洋,2021/3/5,,0000-00-00,权虹,2021/3/8,已完成,权虹,2021/3/8,
103,移动端项目对接(#2),/非标准化（定制开发）(#3),暖哇项目需求变更(#20),暖哇项目需求变更-后台,"产品标识码：I20CG6
产品名称：暖哇-现代财“橙易保百万医疗保险”增值服务
1、服务集成页面新增：重疾住院垫付服务
2、点击新服务进入服务说明页面
3、后台配置服务免责声明



",其他,1,0000-00-00,2021/3/5 14:39,0000-00-00,已关闭,4,0.5,0,,100%,焦英莲,2021/3/5,Closed,2021/3/8,党晓龙,2021/3/5,,0000-00-00,焦英莲,2021/3/8,已完成,焦英莲,2021/3/8,
102,移动端项目对接(#2),/非标准化（定制开发）(#3),暖哇项目需求变更(#20),暖哇项目需求变更-前端,"
  产品标识码：I20CG6
  产品名称：暖哇-现代财“橙易保百万医疗保险”增值服务
  1、服务集成页面新增：重疾住院垫付服务
  2、点击新服务进入服务说明页面
  3、后台配置服务免责声明
  



",开发,1,0000-00-00,2021/3/5 15:11,0000-00-00,已关闭,8,8,0,,100%,焦英莲,2021/3/5,Closed,2021/3/8,辜胜,2021/3/5,,0000-00-00,焦英莲,2021/3/8,已完成,焦英莲,2021/3/8,
27,移动端项目对接(#2),/其他（杂糅其他业务系统功能如HBS）(#4),安享百万住院垫付开发需求(#14),安享百万住院垫付开发需求 ,"本次为V5.0版本需求，变动内容为：
1、预约接口新增【新理赔报案号】字段，用于材料回传时文件命名
2、对接材料回传接口


详见需求文档。
待提供：
1、预约接口（基于之前的版本基础上新增字段）
2、hbs系统改造，将工单对应的附件打包传给安享！


时间计划：预约接口文档3月4日下班前提供；文件打包传给安享功能最晚8日下班前开发完毕！",开发,2,0000-00-00,2021/3/3 17:22,0000-00-00,已关闭,16,76,0,,100%,焦英莲,2021/3/3,Closed,2021/4/14,谭迁超,2021/4/9,,0000-00-00,焦英莲,2021/4/14,已完成,焦英莲,2021/4/14,
20,移动端项目对接(#2),/其他（杂糅其他业务系统功能如HBS）(#4),远盟健康管家在线咨询服务改造(#10),远盟健康管家在线咨询服务改造 ,为满足项目上的服务记录提取需求，对远盟健康管家公众号的在线咨询服务进行改造，当用户使用此服务时，udesk链接参数中加入产品信息以及用户唯一信息，可参见珊瑚健康管家上的参数情况！,开发,1,0000-00-00,2021/3/2 11:33,0000-00-00,已关闭,8,4,0,,100%,焦英莲,2021/3/2,Closed,2021/3/3,党晓龙,2021/3/2,,0000-00-00,焦英莲,2021/3/3,已完成,焦英莲,2021/3/3,
19,移动端项目对接(#2),/其他（杂糅其他业务系统功能如HBS）(#4),人保数据提取需求(#8),人保数据提取需求 ,同需求内容，如果excel表头不好做，可以做成简单的横表，表头为：产品代码（产品标识码），产品名称，服务名称、最近半月内服务量、2021年累计服务量、全量累计服务量,开发,1,0000-00-00,2021/3/1 11:23,0000-00-00,已关闭,24,15,0,,100%,焦英莲,2021/3/1,Closed,2021/3/8,谭迁超,2021/3/3,,0000-00-00,焦英莲,2021/3/8,已完成,焦英莲,2021/3/8,
6,移动端项目对接(#2),/非标准化（定制开发）(#3),新华项目APP对接开发需求V1.0(#4),新华项目APP对接开发需求V1.0 ,"新华2个产品已经对接过微信公众号的服务接口，现新华需要将远盟服务页面迁移到APP中，对于页面中部分功能需要重新开发以保证在APP中可以正常使用。
服务接口需要进行改造，提供微信端和APP端的页面访问方式。


1、附加康健服务页面：集成页去掉自助挂号入口，紧急救援支持一键呼叫和定位功能，电话医生支持一键呼叫和回访预约功能


2、C3C5服务页面：3个服务说明页支持一键呼叫功能，3个预约页面支持提交预约功能。",测试,3,0000-00-00,2021/3/3 10:26,0000-00-00,已关闭,2,2,0,,100%,权虹,2021/2/25,Closed,2021/3/3,蒋大洋,2021/3/3,,0000-00-00,权虹,2021/3/3,已完成,权虹,2021/3/3,
4,移动端项目对接(#2),/(#0),新华项目APP对接开发需求V1.0(#4),新华两个产品支持app接入,"背景：之前跟新华对接过两个产品，远盟提供H5的接入地址，新华嵌入到自己的公众号上供用户使用服务！（服务涉及到：电话咨询的拨打电话功能；急救的定位服务；重疾类的文件上传功能）
现：由于新华要将这两个产品对接到他们自有的app端，故需要远盟这边做如下调整：
（1）产品标识码：Y17AD7 ，微信端服务接入地址为：https://wptapi.healthlink.cn/wpt-api/xinHua/index?policyNo=xxx&productCode=xxx，提供服务：紧急救援、自助挂号、电话医生
&nbsp; 针对App端的改造内容：
&nbsp; &nbsp;a) 【自助挂号】：如果是app端接入，跳转到新制作的页面（二维码引导页）
&nbsp; &nbsp;b) 【急救救援】：与现有功能保持一致
&nbsp; &nbsp;c) 【电话医生】：与现有功能保持一致


&nbsp;（2）产品标识码：I20BN9 （新华保险C3C5重疾服务），远盟提供了3个服务的H5连接，提供的服务包含：重疾二次诊疗、重疾康复指导、重疾绿色通道。
&nbsp; &nbsp; 现提供的连接地址如下：
&nbsp; &nbsp; 重疾二次诊疗：https://wpttest.healthlink.cn/wpt-api/xinhuazhongji/ercizhenliao.html?policy_no=xxx
&nbsp; &nbsp; 重疾康复指导：https://wpttest.healthlink.cn/wpt-api/xinhuazhongji/kangfuzhidao.html?policy_no=xx
&nbsp; &nbsp; 重疾绿色通道：https://wpttest.healthlink.cn/wpt-api/xinhuazhongji/lvtong.html?policy_no=xxx
&nbsp; &nbsp; 针对App端的改造内容：
&nbsp; &nbsp; a)&nbsp; &nbsp;上述重疾绿色通道服务的【服务使用】页面中，住院类型不需要支持文件上传的功能，增加一段红色文案


上述修改意见对应的微云内容已变更，详见：


UI地址：https://share.weiyun.com/5Q7W2wE
路径：x项目文件/x新华APP
&nbsp; &nbsp;",开发,1,0000-00-00,2021/2/26 10:00,0000-00-00,已关闭,24,48,0,,100%,焦英莲,2021/2/25,Closed,2021/3/3,焦英莲,2021/3/2,,0000-00-00,焦英莲,2021/3/3,已完成,焦英莲,2021/3/3,
3,移动端项目对接(#2),/非标准化（定制开发）(#3),企鹅健康服务卡开发需求V2.0(#3),[多人] 企鹅健康服务卡新渠道对接,"背景：已经于企鹅对接过此产品的整体流程：远盟提供访问H5的地址，此连接嵌入到企鹅的移动端，调用此地址时目前传入产品标识码+userid，如果当前用户未进行过备案则进入填写用户信息的备案页面，如果当前用户进行过备案则直接进入服务集成页面，现由于企鹅（平台）接入了新的一个B端客户（需要在远盟系统中可以清晰的区分出，同一个企鹅的产品下的备案用户是来自于哪个渠道的），故做如下设计：
1、调用远盟连接时在现有参数基础上增加【渠道】字段，此字段会带入到用户信息备案填写页面，在备案时此字段要在系统中进行留存（便于进行用户渠道区分），
注意：此字段存储到数据库中的【BELONG_UNITS】字段中；支持渠道为空的情况（兼容已对接完成上线的企鹅健康服务卡）


2、远盟提供备案数据获取接口
备注：传入参数（产品标识码、渠道、备案开始时间、备案结束时间），返回参数（姓名、手机号、证件号、卡号、服务开始日期、服务结束日期）


开发相关信息：
产品标识码：I20BU6
产品名称：企鹅健康服务卡
当前接入的连接地址：https://wpttest.healthlink.cn/shanhu-api/api/qie/integration?productId=I20BU6&userId=test
新渠道为河南优加，渠道编码为：hnyj",开发,1,2021/2/24,2021/2/24 14:30,2021/2/25,已关闭,"陈D:4.00
朱伟:4.00
权虹:4.00
","陈D:1.00
朱伟:8.00
权虹:4.00
","陈D:0.00
朱伟:0.00
权虹:0.00
",,100%,焦英莲,2021/2/24,Closed,2021/3/3,权虹,2021/3/3,,0000-00-00,焦英莲,2021/3/3,已完成,焦英莲,2021/3/3,
2,移动端项目对接(#2),/非标准化（定制开发）(#3),配置水滴与远盟产品对应关系(#2),配置水滴与远盟产品对应关系 ,"水滴有1个新增的产品编码需要增加到映射关系上，详见附件excel


仅需要处理附件中的【备注】列为2月23日的那条数据",其他,3,2021/2/23,2021/2/23 16:25,2021/2/23,已关闭,0.2,0.2,0,,100%,焦英莲,2021/2/23,Closed,2021/2/23,党晓龙,2021/2/23,,0000-00-00,焦英莲,2021/2/23,已完成,焦英莲,2021/2/23,
任务名称前有'>'标记的为子任务,,,,,,,,,,,,,,,,,,,,,,,,,,,,,,
